Lightning Bolt|438888
Island|332233
Flooded Strand|320607
Thoughtseize|305256
Forest|293504
Scalding Tarn|292583
Misty Rainforest|273029
Wooded Foothills|266449
Mountain|262428
Arid Mesa|247519
Bloodstained Mire|244469
Ragavan, Nimble Pilferer|233663
Plains|229595
Fatal Push|227418
Windswept Heath|208183
Steam Vents|207574
Polluted Delta|205518
Urza's Saga|205190
Swamp|202936
Force of Negation|196557
Mishra's Bauble|190789
Verdant Catacombs|188389
Marsh Flats|177652
Consign to Memory|167784
Boseiju, Who Endures|161335
Path to Exile|159692
Blood Moon|151701
Counterspell|148341
Orcish Bowmasters|148101
Engineered Explosives|147674
Sacred Foundry|144984
Solitude|144600
Dismember|144071
Endurance|143001
Chalice of the Void|141501
The One Ring|136519
Teferi, Time Raveler|136420
Mystical Dispute|131144
Stomping Ground|127766
Prismatic Ending|125907
Subtlety|125560
Force of Vigor|124359
Blood Crypt|124247
Spell Pierce|117449
Fable of the Mirror-Breaker|112627
Expressive Iteration|111346
Unholy Heat|109426
Leyline Binding|109067
Relic of Progenitus|106642
Phlage, Titan of Fire's Fury|102459
Inquisition of Kozilek|99501
Wrenn and Six|98690
Hallowed Fountain|98427
Dragon's Rage Channeler|98157
Grief|96568
Monastery Swiftspear|96051
Surgical Extraction|95333
Expedition Map|95055
Veil of Summer|94780
Snapcaster Mage|93948
Spirebluff Canal|93252
Ancient Stirrings|92675
Cavern of Souls|92192
Breeding Pool|91092
Eldrazi Temple|89052
Karn, the Great Creator|88793
Blackcleave Cliffs|88716
Leyline of the Void|88246
Preordain|86621
Fury|84649
Serum Visions|84161
Galvanic Discharge|83570
Urza's Tower|83013
Urza's Mine|82934
Urza's Power Plant|82933
Tarmogoyf|82232
Shardless Agent|82158
Damping Sphere|81655
Overgrown Tomb|79344
Primeval Titan|78738
Guide of Souls|77943
Spell Snare|77212
Watery Grave|76351
Temple Garden|75559
Inkmoth Nexus|74837
Ajani, Nacatl Pariah|74656
Ocelot Pride|74419
Pithing Needle|73913
Murktide Regent|71910
Street Wraith|71884
Walking Ballista|70946
Dauthi Voidwalker|70535
Otawara, Soaring City|70388
Aether Vial|69947
Mox Opal|69883
Chord of Calling|69851
Summoner's Pact|69445
Violent Outburst|68898
Noble Hierarch|68397
Ephemerate|65796
Nature's Claim|65788
Springleaf Drum|64619
Seasoned Pyromancer|63947
Rest in Peace|63795
Malevolent Rumble|63480
Stony Silence|63358
Wear // Tear|62673
Amulet of Vigor|62094
Ornithopter|59885
Kozilek's Command|59287
Nihil Spellbomb|59230
Fire // Ice|59212
Leyline of Sanctity|59187
Arboreal Grazer|59157
Simic Growth Chamber|58580
Lava Spike|58466
Flusterstorm|58396
Field of Ruin|58154
Arena of Glory|58099
Goblin Guide|57358
Wrath of the Skies|57255
Consider|56889
Thought-Knot Seer|56621
Stoneforge Mystic|56095
Liliana of the Veil|55250
Delighted Halfling|55060
Ghost Quarter|54894
Remand|54817
Psychic Frog|54712
Snow-Covered Island|54663
Manamorphose|54544
Terminate|54273
Lightning Helix|54176
Haywire Mite|54034
Fulminator Mage|53706
Obsidian Charmaw|53027
Cryptic Command|52740
Dryad of the Ilysian Grove|51754
Boros Charm|50553
Rift Bolt|50251
Ugin's Labyrinth|50188
Godless Shrine|49091
Celestial Purge|48997
Wall of Roots|48434
Kolaghan's Command|48348
Searing Blaze|48316
Dress Down|48292
Tormod's Crypt|48243
Grafdigger's Cage|48004
Scion of Draco|47277
Utopia Sprawl|47270
Supreme Verdict|46957
Stern Scolding|46749
Stubborn Denial|46746
Static Prison|45829
Omnath, Locus of Creation|45819
Horizon Canopy|45712
Ancient Grudge|45546
Grist, the Hunger Tide|45522
Thought Scour|45255
Blooming Marsh|45252
Sink into Stupor|45167
Scavenging Ooze|44648
Crashing Footfalls|44268
Soul-Guide Lantern|44025
Valakut, the Molten Pinnacle|43634
Elegant Parlor|43372
Faithless Looting|43007
Goblin Bombardment|42666
Sunbaked Canyon|42511
Eidolon of the Great Revel|42464
Young Wolf|42411
Inspiring Vantage|42336
Magus of the Moon|42198
Chromatic Sphere|42135
Spellskite|41697
Darksteel Citadel|41544
Yawgmoth, Thran Physician|41543
Chromatic Star|41281
Esper Sentinel|41163
Devourer of Destiny|41061
Tamiyo, Inquisitive Student|40926
Birds of Paradise|40836
Sanctifier en-Vec|40782
Sylvan Scrying|40494
Emry, Lurker of the Loch|40316
Ensnaring Bridge|40148
Collective Brutality|40137
Wurmcoil Engine|39779
Sheoldred, the Apocalypse|39654
Memnite|39457
Territorial Kavu|38528
Flame of Anor|38195
Mutagenic Growth|38058
Archmage's Charm|37957
Gemstone Caverns|37802
Underworld Breach|37767
Arcbound Ravager|37725
Death's Shadow|37685
Pick Your Poison|37596
Abrupt Decay|37555
Gruul Turf|37142
Skullcrack|36835
Sowing Mycospawn|36834
Not Dead After All|36680
Oblivion Stone|36449
Orim's Chant|36183
Lava Dart|35825
Mutavault|35734
Leyline of the Guildpact|35597
Anger of the Gods|35124
Explore|34979
Fiery Islet|34608
Pyroclasm|34562
Unlicensed Hearse|34379
Amped Raptor|34113
Collected Company|33957
Brazen Borrower|33619
Living End|33197
Spreading Seas|33067
Dead // Gone|32819
Opt|32784
Skewer the Critics|32740
Archon of Cruelty|32740
Drannith Magistrate|32501
Karn Liberated|32491
Lórien Revealed|32488
Agatha's Soul Cauldron|32260
Kozilek's Return|32233
Kitchen Finks|32166
Ledger Shredder|32116
Seachrome Coast|31746
Snow-Covered Plains|31654
Harbinger of the Seas|31612
Alpine Moon|31278
Cursed Totem|31239
Puresteel Paladin|31148
Desperate Ritual|31103
Tishana's Tidebinder|30984
Phelia, Exuberant Shepherd|30974
Colossus Hammer|30943
Drown in the Loch|30752
March of Otherworldly Light|30670
Thalia, Guardian of Thraben|30653
Sigarda's Aid|30581
Curator of Mysteries|30316
Tribal Flames|30125
Mana Leak|30114
Tolaria West|30101
Dark Confidant|29808
Snow-Covered Forest|29640
Emrakul, the Promised End|29491
Wild Nacatl|29365
Dwarven Mine|29224
Cranial Plating|28882
Scapeshift|28814
Indomitable Creativity|28800
Pyretic Ritual|28739
Celestial Colonnade|28525
Darkslick Shores|28453
Emrakul, the Aeons Torn|28409
The Stone Brain|28096
Dispel|28079
Grove of the Burnwillows|28055
Galvanic Blast|27708
Bonecrusher Giant|27694
Thraben Charm|27377
Generous Ent|27244
Urborg, Tomb of Yawgmoth|27144
Lingering Souls|26903
Goryo's Vengeance|26754
Shadowspear|26655
Flickerwisp|26590
White Orchid Phantom|26292
Reality Smasher|26209
Thundering Falls|25951
Molten Rain|25928
Abrade|25863
Giver of Runes|25831
Jace, the Mind Sculptor|25597
Overlord of the Balemurk|25541
Mox Amber|25540
Smash to Smithereens|25483
Ashiok, Dream Render|25472
Undercity Sewers|25445
All Is Dust|24889
Fallaji Archaeologist|24805
Emperor of Bones|24792
Architects of Will|24577
Unearth|24304
Kor Firewalker|24210
Blinkmoth Nexus|24048
Waker of Waves|23503
Bloodbraid Elf|23496
Pact of Negation|23422
Razorverge Thicket|23421
Torpor Orb|23399
Talisman of Impulse|23393
Soul-Scar Mage|23384
Negate|23277
Trinisphere|23197
Simian Spirit Guide|22978
Atraxa, Grand Unifier|22851
Snow-Covered Mountain|22844
Sakura-Tribe Elder|22633
Witch Enchanter|22564
Thoughtcast|22490
Meticulous Archive|22256
Lotus Bloom|22217
The Mycosynth Gardens|22186
Ulamog, the Ceaseless Hunger|22132
Master of the Pearl Trident|22073
Sleight of Hand|22064
Gemstone Mine|22010
Metallic Rebuke|21822
Selesnya Sanctuary|21673
Dovin's Veto|21643
Ice-Fang Coatl|21641
Brotherhood's End|21471
Vault Skirge|21414
Signal Pest|21403
Lord of Atlantis|21357
Liquimetal Coating|21236
Nurturing Peatland|21234
Jegantha, the Wellspring|21229
Bojuka Bog|21137
Twilight Mire|21133
Vendilion Clique|21123
Aether Gust|20925
Matter Reshaper|20770
Spelunking|20741
Ignoble Hierarch|20740
Crumbling Vestige|20581
Flare of Denial|20576
Welding Jar|20437
Roiling Vortex|20330
Eldritch Evolution|20306
Bloodghast|20286
Raugrin Triome|20247
Soulless Jailer|20151
World Breaker|20122
Past in Flames|20011
Sulfur Falls|19848
Meddling Mage|19783
Aether Hub|19779
Hedge Maze|19771
Ranger-Captain of Eos|19711
Hedron Crab|19537
Persist|19489
Skyclave Apparition|19422
Ketria Triome|19411
Tourach, Dread Cantor|19274
Abhorrent Oculus|19197
Kroxa, Titan of Death's Hunger|19172
Warping Wail|19147
Tireless Tracker|19096
Glimmervoid|19049
Assassin's Trophy|18958
Prismatic Vista|18958
Steel Overseer|18899
Foundation Breaker|18792
Dryad Arbor|18726
Search for Tomorrow|18593
Defense Grid|18498
Whir of Invention|18351
Eternal Witness|18290
Takenuma, Abandoned Mire|18287
Strangleroot Geist|18247
Pendelhaven|18194
Striped Riverwinder|18168
Unclaimed Territory|18087
Portable Hole|17940
Ugin, the Spirit Dragon|17922
Gitaxian Probe|17846
Goblin Charbelcher|17822
Destructive Revelry|17629
Narset, Parter of Veils|17547
Glaring Fleshraker|17466
Obstinate Baloth|17437
Vexing Bauble|17396
Slickshot Show-Off|17389
Phantasmal Image|17388
Shadowy Backstreet|17341
Copperline Gorge|17337
Grim Lavamancer|17266
Collector Ouphe|17201
Ceremonious Rejection|17148
Hangarback Walker|17092
Etched Champion|17058
Vesuva|17026
Blast Zone|16925
Shifting Woodland|16863
Grinding Station|16812
Hardened Scales|16782
Abundant Growth|16715
Sea Gate Restoration|16697
Deflecting Palm|16645
Silvergill Adept|16590
Boggart Trawler|16554
Archive Trap|16544
Reclamation Sage|16542
Ardent Plea|16445
Tainted Indulgence|16317
Champion of the Parish|16310
Tectonic Edge|16254
Thundertrap Trainer|16204
Azusa, Lost but Seeking|16199
Disruptor Flute|16155
Arbor Elf|16093
Reflector Mage|16072
Spire of Industry|15997
Cori-Steel Cutter|15991
Thalia's Lieutenant|15986
Quantum Riddler|15906
Hallowed Moonlight|15902
Eladamri's Call|15882
Prized Amalgam|15807
Damnation|15792
Thragtusk|15664
Reckless Impulse|15612
Botanical Sanctum|15542
Auriok Champion|15538
Reprieve|15500
Narcomoeba|15472
Silent Clearing|15437
Sundering Titan|15383
Burrenton Forge-Tender|15379
Timely Reinforcements|15364
Ruin Crab|15307
Spell Queller|15253
Hidetsugu Consumes All|15252
Raging Ravine|15192
Voice of Resurgence|15186
Ruby Medallion|15174
Thought Monitor|15135
Teferi, Hero of Dominaria|15075
Vines of Vastwood|14938
Grapeshot|14922
Urza, Lord High Artificer|14920
Wish|14846
Maelstrom Pulse|14777
Sheoldred's Edict|14768
Nishoba Brawler|14692
Stinkweed Imp|14665
Break the Ice|14658
Wrenn's Resolve|14594
Ral, Monsoon Mage|14547
Commercial District|14515
Wear|14511
Ketramose, the New Dawn|14482
March of Wretched Sorrow|14396
Restoration Angel|14384
Electrolyze|14351
Fractured Sanity|14335
Green Sun's Zenith|14331
Mind Stone|14323
Deceiver Exarch|14268
Cathartic Reunion|14247
Mystic Gate|14224
Hurkyl's Recall|14105
Suncleanser|14058
Creeping Chill|13903
Glistener Elf|13862
Mantis Rider|13802
Light Up the Stage|13754
Necromentia|13726
Through the Breach|13619
Arcum's Astrolabe|13598
Clarion Conqueror|13557
Legion's End|13513
Prismari Command|13494
Hydroelectric Specimen|13410
Gilded Goose|13402
Whipflare|13385
Might of Old Krosa|13283
Elesh Norn, Mother of Machines|13265
Toxic Deluge|13242
Tameshi, Reality Architect|13234
Disrupting Shoal|13232
Faithful Mending|13217
Splinter Twin|13134
Tasigur, the Golden Fang|13073
Leonin Arbiter|13063
Ancient Ziggurat|13024
Life from the Loam|12984
Cityscape Leveler|12933
Wastes|12925
Lotus Field|12922
Blighted Agent|12884
Visions of Beyond|12875
Concealed Courtyard|12871
Zabaz, the Glimmerwasp|12836
Patchwork Automaton|12818
Cling to Dust|12813
Raucous Theater|12766
Tide Shaper|12585
Gurmag Angler|12538
Void Mirror|12513
Suppression Ray|12488
Kappa Cannoneer|12488
The Underworld Cookbook|12371
Tasha's Hideous Laughter|12349
Batterskull|12311
Ghost Vacuum|12308
Griselbrand|12257
Lavinia, Azorius Renegade|12256
Cultivator Colossus|12236
Shattering Spree|12230
Risen Reef|12220
Dragon's Claw|12188
Geist of Saint Traft|12184
Molten Collapse|12149
Underground Mortuary|12092
Gut Shot|11958
Firespout|11928
Meltdown|11928
Merfolk Trickster|11792
Writhing Chrysalis|11637
Temur Battle Rage|11564
Voice of Victory|11526
Echoing Truth|11525
Stone Rain|11460
Commandeer|11442
Sanctum of Ugin|11440
Surge of Salvation|11418
Deafening Silence|11327
Castle Garenbrig|11281
Gifts Ungiven|11213
Disdainful Stroke|11212
Delver of Secrets|11158
Flagstones of Trokair|11154
Feign Death|11128
Kataki, War's Wage|11127
Atarka's Command|11080
Into the Flood Maw|11077
Undying Malice|11025
Kitesail Freebooter|11024
Lightning Axe|10938
Gavony Township|10866
Jwari Disruption|10836
Svyelun of Sea and Sky|10757
Glacial Fortress|10748
Pentad Prism|10745
Aether Spellbomb|10729
Plague Engineer|10702
Vengevine|10689
Castle Locthwain|10680
Cabal Coffers|10654
Vodalian Hexcatcher|10625
Rancor|10537
Ratchet Bomb|10526
Farseek|10475
Burning Inquiry|10464
Strike It Rich|10450
Young Pyromancer|10424
Devoted Druid|10399
Golgari Rot Farm|10397
Thassa's Oracle|10393
Waterlogged Grove|10338
Swan Song|10327
Extirpate|10280
Valakut Awakening|10248
Khalni Garden|10243
Tune the Narrative|10235
Orvar, the All-Form|10212
Zagoth Triome|10204
Nulldrifter|10199
Spatial Contortion|10192
Basking Broodscale|10117
Xander's Lounge|10092
Flame Slash|10077
Wall of Omens|10042
Lush Portico|10033
Gaddock Teeg|10007
Become Immense|9968
Asmoranomardicadaistinaculdacar|9955
Demolition Field|9867
Radiant Fountain|9861
Lorien Revealed|9784
Hollow One|9765
Malakir Rebirth|9710
Duress|9616
Repeal|9614
Treetop Village|9567
Vindicate|9533
Knight of Autumn|9496
High Noon|9440
Uro, Titan of Nature's Wrath|9432
Harsh Mentor|9414
Silence|9383
Glimpse the Impossible|9371
Nethergoyf|9359
Snow-Covered Swamp|9353
Aven Mindcensor|9336
Kaldra Compleat|9334
Showdown of the Skalds|9323
Golgari Thug|9303
Pyrite Spellbomb|9294
Eldrazi Displacer|9279
Ugin, Eye of the Storms|9233
Blade of the Bloodchief|9229
Thing in the Ice|9229
Blacksmith's Skill|9194
Empty the Warrens|9147
Birthing Ritual|9142
Siege Rhino|9086
Stitcher's Supplier|9072
Traverse the Ulvenwald|9059
Arclight Phoenix|9049
Izzet Staticaster|9020
Master of Etherium|9005
Knight of the Reliquary|8965
Bring to Light|8949
Qasali Pridemage|8888
Vapor Snag|8784
City of Brass|8734
Talisman of Resilience|8671
Nadu, Winged Wisdom|8646
Undying Evil|8585
Harbinger of the Tides|8579
Mystic Sanctuary|8575
Tidehollow Sculler|8569
Oliphaunt|8546
Boros Garrison|8543
Searing Blood|8523
Karplusan Forest|8506
Beast Within|8494
Slayers' Stronghold|8491
Profane Tutor|8460
Emeria's Call|8426
Dispatch|8422
Cleansing Wildfire|8409
Magebane Lizard|8386
Springheart Nantuko|8386
Cinder Glade|8377
Shivan Reef|8354
Tear Asunder|8320
Ovalchase Daredevil|8293
Angel's Grace|8276
Shark Typhoon|8275
Indatha Triome|8272
Lurrus of the Dream-Den|8234
Chandra, Torch of Defiance|8212
Thopter Foundry|8195
Gravecrawler|8195
Aven Interrupter|8185
Sire of Seven Deaths|8143
Crumble to Dust|8137
Hapatra, Vizier of Poisons|8058
Cursecatcher|8054
Bedlam Reveler|8036
Minamo, School at Water's Edge|8027
Beyeen Veil|8011
Viscera Seer|7982
Baral, Chief of Compliance|7974
Darkblast|7939
Sunhome, Fortress of the Legion|7926
Logic Knot|7901
Vizier of Remedies|7898
Choke|7769
Shuko|7737
Ingot Chewer|7723
Savai Triome|7690
Blood Artist|7682
Once Upon a Time|7679
Memory Deluge|7662
Phyrexian Unlife|7639
Selfless Spirit|7638
Pestermite|7609
Exquisite Firecraft|7576
Hall of Storm Giants|7526
Bitter Reunion|7520
Llanowar Elves|7473
Kiki-Jiki, Mirror Breaker|7447
Conflagrate|7421
Goblin Electromancer|7403
Liliana, the Last Hope|7385
Questing Druid|7381
Pest Control|7342
Insolent Neonate|7287
Izzet Charm|7273
Merrow Reejerey|7270
Doorkeeper Thrull|7262
Soul Spike|7256
Spike Feeder|7221
Heritage Druid|7202
Necrodominance|7159
Crypt Incursion|7135
Stone of Erech|7102
Shriekhorn|7087
Hanweir Battlements|7077
Pillage|7007
Razortide Bridge|6972
Mausoleum Wanderer|6957
Kaheera, the Orphanguard|6909
Elvish Mystic|6909
Slippery Bogle|6881
Ethereal Armor|6861
Turntimber Symbiosis|6839
Ancestral Vision|6833
Blossoming Defense|6793
Ad Nauseam|6786
Elvish Archdruid|6761
Heliod, Sun-Crowned|6747
Gladecover Scout|6747
Growth Spiral|6729
Creeping Tar Pit|6707
Daybreak Coronet|6699
Containment Priest|6629
Weather the Storm|6606
Faerie Macabre|6594
Eiganjo, Seat of the Empire|6590
Drogskol Captain|6578
Unmoored Ego|6575
Boil|6567
Goblin Lore|6557
Den of the Bugbear|6529
Thrun, the Last Troll|6524
Yavimaya, Cradle of Growth|6507
Stock Up|6482
Turn the Earth|6471
Deputy of Detention|6467
Glimpse the Unthinkable|6446
Echoing Deeps|6446
Steelshaper's Gift|6440
Mirrorpool|6431
Rending Volley|6427
Pinnacle Emissary|6422
Up the Beanstalk|6406
Oboro, Palace in the Clouds|6390
Cast into the Fire|6317
Groundswell|6289
Finale of Devastation|6277
Nettlecyst|6268
Go for the Throat|6256
Condescend|6249
Kaya's Guile|6244
The Ozolith|6244
Shambling Vent|6243
Thirst for Knowledge|6242
Master of Waves|6240
Oath of Nissa|6202
Cragcrown Pathway|6189
Violent Urge|6164
Slaughter Pact|6114
Castle Vantress|6094
Recruiter of the Guard|6070
Mana Confluence|6054
Fell the Profane|6051
Supreme Phantom|5993
Detective's Phoenix|5977
Wrath of God|5959
Frogmite|5950
Spikefield Hazard|5940
Talisman of Curiosity|5909
Sword of Fire and Ice|5900
Gingerbrute|5897
Ulamog, the Defiler|5816
Day's Undoing|5812
Courser of Kruphix|5789
Combust|5765
Shatterskull Smashing|5764
Shatterstorm|5739
Cauldron Familiar|5702
Nettle Sentinel|5698
Sprite Dragon|5652
Sokenzan, Crucible of Defiance|5630
Sakura-Tribe Scout|5620
Sin Collector|5620
Ghirapur Aether Grid|5577
Sorcerous Spyglass|5567
Huntmaster of the Fells|5537
Monstrous Carabid|5532
Seal of Primordium|5504
Eidolon of Rhetoric|5471
Ravenous Trap|5467
Ox of Agonas|5458
Flameblade Adept|5456
Kor Spiritdancer|5447
Blessed Alliance|5445
Terminus|5438
Spider Umbra|5433
Waterlogged Teachings|5428
Secluded Courtyard|5426
Spoils of the Vault|5425
Apostle's Blessing|5415
Rakdos Charm|5409
Hushbringer|5407
Sword of the Meek|5403
Neoform|5386
Troll of Khazad-dûm|5386
Mystic Forge|5372
Bloodchief's Thirst|5359
Thraben Inspector|5357
Aftermath Analyst|5349
Otherworldly Gaze|5307
Natural State|5234
Hyena Umbra|5194
Oko, Thief of Crowns|5181
Field of the Dead|5174
Chained to the Rocks|5170
Murderous Cut|5161
Crucible of Worlds|5152
Yorion, Sky Nomad|5105
Disenchant|5092
Detention Sphere|5086
Scale Up|5081
Seal of Fire|5069
Mirran Crusader|5038
Elvish Reclaimer|5032
Blossoming Calm|5026
Kira, Great Glass-Spinner|5009
Eye of Ugin|5001
Phyrexian Metamorph|4977
Ziatora's Proving Ground|4964
Bleachbone Verge|4959
Mana Tithe|4943
Deathrite Shaman|4936
Loxodon Smiter|4920
Birthing Pod|4914
Phyrexian Revoker|4897
Temple of Deceit|4895
Allosaurus Rider|4886
Demonic Dread|4869
Night's Whisper|4867
Terastodon|4862
Ingenious Smith|4856
Arcbound Worker|4821
Nahiri, the Harbinger|4820
Unstable Amulet|4809
Klothys, God of Destiny|4804
Dwynen's Elite|4800
Thief of Existence|4799
Jetmir's Garden|4795
Graveyard Trespasser|4789
Inti, Seneschal of the Sun|4786
Inevitable Betrayal|4777
Scourge of the Skyclaves|4765
Samwise Gamgee|4736
Feed the Clan|4733
Shelldock Isle|4732
Burning-Tree Emissary|4731
Slaughter Games|4724
Carrion Feeder|4713
Tarfire|4712
Pyromancer Ascension|4686
Sojourner's Companion|4673
Ugin, the Ineffable|4664
Jace, the Perfected Mind|4645
Shard Volley|4639
Rattlechains|4634
Kessig Wolf Run|4629
Shriekmaw|4619
Search for Azcanta|4597
Marionette Apprentice|4581
Exorcise|4542
Goblin Matron|4541
Ob Nixilis, the Adversary|4533
Endbringer|4530
Colossal Skyturtle|4530
Wastescape Battlemage|4519
Sunken Ruins|4517
Unable to Scream|4481
Brushland|4458
Bitterblossom|4444
Tamiyo's Safekeeping|4424
On Thin Ice|4407
Lavaspur Boots|4394
Temporary Lockdown|4387
Eldrazi Mimic|4374
Kalitas, Traitor of Ghet|4371
Ethersworn Canonist|4370
Unsettled Mariner|4355
Ramunap Ruins|4354
Keranos, God of Storms|4331
Caves of Koilos|4313
Stirring Wildwood|4300
Pieces of the Puzzle|4284
Six|4279
Angrath's Rampage|4268
Yavimaya Coast|4260
Distortion Strike|4222
Crash Through|4216
Smallpox|4208
Ezuri, Renegade Leader|4207
Academy Ruins|4191
Goblin Engineer|4168
Melira, Sylvok Outcast|4163
Drowner of Hope|4155
Fear, Fire, Foes!|4155
Gideon, Ally of Zendikar|4151
Kozilek, Butcher of Truth|4148
Munitions Expert|4130
Chthonian Nightmare|4121
Felidar Guardian|4114
Desolate Lighthouse|4104
Spellstutter Sprite|4090
Kaito, Bane of Nightmares|4079
Nourishing Shoal|4077
Mogg War Marshal|4076
Elvish Visionary|4072
Archon of Emeria|4038
Tidebinder Mage|4000
Vampires' Vengeance|3985
Time Warp|3982
Inventors' Fair|3978
Grim Flayer|3968
Worship|3963
Wasteland Strangler|3961
Agadeem's Awakening|3951
The Rack|3951
Shadow of Doubt|3946
Codex Shredder|3928
Unified Will|3926
Geralf's Messenger|3916
Lantern of Insight|3912
Reckless Bushwhacker|3875
Jace, Wielder of Mysteries|3874
Fear of Missing Out|3872
Conspicuous Snoop|3864
Burst Lightning|3849
Boseiju, Who Shelters All|3837
Goblin Bushwhacker|3834
Twisted Image|3828
Blade Splicer|3827
Duskwatch Recruiter|3826
The Meathook Massacre|3819
Forge Anew|3798
Jace, Vryn's Prodigy|3797
Renegade Rallier|3793
Stormwing Entity|3784
Coiling Oracle|3771
Saheeli Rai|3759
Fracturing Gust|3755
Damping Matrix|3755
Transmogrify|3750
Hard Evidence|3737
Creeping Corrosion|3724
Counterflux|3715
Pia and Kiran Nalaar|3714
Dreadbore|3667
Sunken Citadel|3637
Monastery Mentor|3636
Nykthos, Shrine to Nyx|3594
Silversmote Ghoul|3584
Vandalblast|3582
Deadshot Minotaur|3569
Dromoka's Command|3550
Force of Despair|3512
Cascade Bluffs|3503
Eldrazi Skyspawner|3502
Militia Bugler|3481
Crime // Punishment|3479
Linvala, Keeper of Silence|3458
Outland Liberator|3457
Spara's Headquarters|3447
Temple of Enlightenment|3438
Martyr of Sands|3432
Kird Ape|3428
Phyrexian Crusader|3424
Shoot the Sheriff|3409
Bump in the Night|3409
Auntie's Hovel|3390
Conclave Mentor|3379
Artist's Talent|3373
Dreams of Steel and Oil|3365
Paradise Mantle|3338
Endless One|3334
Forgotten Cave|3327
Ichor Wellspring|3326
Shaman of the Pack|3326
Ranger of Eos|3322
Boggart Harbinger|3318
Eldrazi Linebreaker|3279
Phyrexian Tower|3269
Zealous Persecution|3261
Prosperous Innkeeper|3235
Ricochet Trap|3227
Lightning Skelemental|3226
Disciple of Freyalise|3219
Flamewake Phoenix|3200
Kambal, Consul of Allocation|3191
Basilisk Collar|3187
Priest of Fell Rites|3185
Golgari Charm|3145
Threads of Disloyalty|3141
Flamekin Harbinger|3127
Raven's Crime|3095
Mishra's Factory|3079
Goblin Rabblemaster|3073
Sylvan Safekeeper|3069
Orzhov Pontiff|3061
Rishadan Dockhand|3057
Abundant Harvest|3052
Spirit Mantle|3049
Irencrag Feat|3018
Forked Bolt|3013
Squadron Hawk|3000
The Filigree Sylex|2999
Urza's Cave|2999
Marauding Mako|2973
Jace, Architect of Thought|2943
Animation Module|2942
Sword of Feast and Famine|2934
Goblin Ringleader|2930
Geier Reach Sanitarium|2910
Graven Cairns|2903
Peer Through Depths|2903
Flare of Malice|2902
Bomat Courier|2895
Sphinx's Revelation|2893
Skysovereign, Consul Flagship|2893
Serum Powder|2886
Treasure Vault|2881
Spectral Procession|2875
Jeskai Ascendancy|2867
Invert Polarity|2863
Elspeth, Sun's Champion|2840
Test of Talents|2837
Tezzeret, Agent of Bolas|2831
Talisman of Dominance|2815
Kiln Fiend|2814
Dream's Grip|2808
Settle the Wreckage|2806
The Wandering Emperor|2806
Charming Prince|2795
Culling Ritual|2795
Unmarked Grave|2785
Deprive|2759
Voldaren Epicure|2748
Thrilling Discovery|2746
Hogaak, Arisen Necropolis|2740
Annul|2738
Planar Genesis|2733
Hooting Mandrills|2732
Change the Equation|2720
Mistvault Bridge|2716
Mindslaver|2714
The Reality Chip|2712
Desert Cerodon|2704
Path of Peril|2700
Satyr Wayfinder|2672
Gloomlake Verge|2653
Recross the Paths|2646
Zulaport Cutthroat|2637
Scavenger Grounds|2636
Boltwave|2627
Dakmor Salvage|2622
Glorybringer|2620
Fire Magic|2620
Summer Bloom|2607
Ghor-Clan Rampager|2600
Academy Manufactor|2597
Boom // Bust|2588
Glasspool Mimic|2580
Wavesifter|2577
Suppression Field|2576
Blazing Rootwalla|2575
Sai, Master Thopterist|2569
Hexdrinker|2565
Mwonvuli Acid-Moss|2562
Nissa, Resurgent Animist|2553
Sterling Grove|2535
Crackling Drake|2531
Llanowar Wastes|2523
Murderous Redcap|2522
Eldrazi Obligator|2518
Experiment One|2505
Vexing Devil|2492
It That Heralds the End|2488
Shrapnel Blast|2483
Ghostly Prison|2463
Ensoul Artifact|2462
Chancellor of the Tangle|2461
Noxious Revival|2460
Icetill Explorer|2449
Storm's Wrath|2442
Witchbane Orb|2441
Roast|2438
Bitter Triumph|2429
Witherbloom Command|2427
Sowing Salt|2427
Drowned Catacomb|2427
Glimpse of Tomorrow|2425
Barbarian Ring|2421
Sudden Shock|2410
Rough // Tumble|2408
Isochron Scepter|2407
Sling-Gang Lieutenant|2405
Autochthon Wurm|2400
Talisman of Progress|2383
Anafenza, Kin-Tree Spirit|2382
Glittering Wish|2371
Adeline, Resplendent Cathar|2361
Elesh Norn, Grand Cenobite|2359
Iona, Shield of Emeria|2352
Scrap Trawler|2350
Silverbluff Bridge|2348
Get Lost|2346
Steppe Lynx|2341
Gilt-Leaf Palace|2339
Strict Proctor|2335
Inferno Titan|2334
Emeria, the Sky Ruin|2319
Golos, Tireless Pilgrim|2307
Merchant of the Vale|2292
Eiganjo Castle|2289
Countersquall|2288
Llanowar Reborn|2287
Windcaller Aven|2286
Questing Beast|2279
Krark-Clan Ironworks|2278
Eagles of the North|2274
Mulldrifter|2272
Invoke Despair|2267
As Foretold|2265
Skirk Prospector|2260
Mockingbird|2254
Olivia Voldaren|2237
Sauron's Ransom|2234
Oust|2231
Tome Scour|2227
Hive Mind|2225
Madcap Experiment|2223
Serra Ascendant|2213
Abbot of Keral Keep|2210
Feed the Swarm|2204
Sorin of House Markov|2203
Winds of Abandon|2199
Sunset Revelry|2192
Wild Defiance|2190
Sea Gate Wreckage|2185
Damn|2178
Sythis, Harvest's Hand|2176
Touch the Spirit Realm|2170
Cindervines|2161
Windbrisk Heights|2160
Run Afoul|2154
Aria of Flame|2149
Thunderkin Awakener|2140
Enchantress's Presence|2139
Vedalken Shackles|2131
Bone Shards|2130
Runed Halo|2129
Moorland Haunt|2126
Raffine's Tower|2124
Prismatic Omen|2108
Sanctum Weaver|2108
Bontu's Last Reckoning|2104
Viridian Corrupter|2097
Mesmeric Orb|2096
Mycosynth Lattice|2094
Wrench Mind|2094
Brainsurge|2086
Flooded Grove|2081
Gnaw to the Bone|2081
Undercity Informer|2064
Think Twice|2061
Hydroid Krasis|2060
Terrarion|2059
Herigast, Erupting Nullkite|2057
Monumental Henge|2054
Baneslayer Angel|2050
Everflowing Chalice|2049
Jund Charm|2047
Consult the Star Charts|2043
Horror of the Broken Lands|2042
Reflecting Pool|2038
Spymaster's Vault|2025
Karn, Scion of Urza|2018
Imperial Recruiter|2017
Khalni Heart Expedition|2017
Hibernation|2002
Shapers' Sanctuary|1990
Elixir of Immortality|1988
Bala Ged Recovery|1985
Strix Serenade|1980
Ghalta, Stampede Tyrant|1973
Gideon Jura|1970
Wilt|1968
Mount Doom|1968
Invasive Surgery|1963
Niv-Mizzet Reborn|1963
Extraction Specialist|1953
Elvish Warmaster|1951
Krosan Grip|1950
Twiddle|1950
Garruk Wildspeaker|1948
Esper Charm|1943
Gryff's Boon|1941
Valki, God of Lies|1932
Experimental Synthesizer|1924
Ajani Vengeant|1922
Untimely Malfunction|1919
Golgari Grave-Troll|1919
Dreadhorde Arcanist|1917
Wanderwine Hub|1904
Seismic Assault|1902
Outrider en-Kor|1893
Merfolk Secretkeeper|1892
Volatile Stormdrake|1890
Goblin Grenade|1888
Anafenza, the Foremost|1881
Ozolith, the Shattered Spire|1879
Mistcaller|1874
Lead the Stampede|1869
Vizier of Tumbling Sands|1869
Remorseful Cleric|1865
Greater Gargadon|1861
Stormbreath Dragon|1859
Adarkar Wastes|1849
Serra's Emissary|1846
Hour of Promise|1843
Thalia, Heretic Cathar|1840
Sylvan Caryatid|1828
Fact or Fiction|1828
Warren Soultrader|1827
Legion Loyalist|1813
Titania, Protector of Argoth|1809
Sower of Temptation|1799
Shrieking Affliction|1797
Mazemind Tome|1794
Sheltered Thicket|1784
Avalanche Riders|1784
Sigarda, Host of Herons|1778
Glistening Deluge|1773
Mogg Fanatic|1762
Postmortem Lunge|1755
Intangible Virtue|1749
Soulherder|1749
Primal Command|1749
Wall of Blossoms|1747
Kaya, Orzhov Usurper|1739
Electrodominance|1738
Shrine of Burning Rage|1735
Lightning Storm|1732
Calibrated Blast|1731
Baleful Mastery|1724
Sorin, Solemn Visitor|1722
Moonsnare Prototype|1720
Galvanic Relay|1716
Troll of Khazad-dum|1715
Unburial Rites|1714
Painful Truths|1701
Emrakul, the World Anew|1700
Fire-Lit Thicket|1688
Weapons Manufacturing|1686
Isolated Chapel|1677
Wilt-Leaf Liege|1677
Seal of Cleansing|1672
Ramunap Excavator|1667
Shadow Prophecy|1663
Hinterland Harbor|1660
Plague Stinger|1660
Dredger's Insight|1660
Oblivion Sower|1658
Elspeth, Knight-Errant|1658
Balustrade Spy|1657
General Ferrous Rokiric|1657
Tanglepool Bridge|1655
Smuggler's Copter|1652
Condemn|1651
Shenanigans|1648
Wilderness Reclamation|1648
Eternal Scourge|1645
Treasure Cruise|1645
Hidden Strings|1641
Tunnel Ignus|1637
Abiding Grace|1636
Honor of the Pure|1628
Fetid Heath|1627
Cephalid Coliseum|1625
Woodland Cemetery|1621
Firebolt|1620
Witch's Oven|1619
Leonin Relic-Warder|1617
Hornet Queen|1610
Soul Warden|1607
Volcanic Fallout|1598
Gideon of the Trials|1591
Worldspine Wurm|1587
Razorgrass Ambush|1584
Disfigure|1581
Pillar of the Paruns|1573
Brindle Boar|1567
Castle Ardenvale|1566
Throne of Geth|1565
Chameleon Colossus|1564
Sweltering Suns|1560
Hissing Quagmire|1558
Chandra, Awakened Inferno|1553
Portent of Calamity|1552
Lion Sash|1552
Hazoret the Fervent|1550
Magmatic Sinkhole|1548
Destiny Spinner|1539
Sword of Light and Shadow|1535
Venerated Rotpriest|1534
Platinum Emperion|1532
Pyxis of Pandemonium|1531
Elven Chorus|1530
Foundry Street Denizen|1530
Mishra's Research Desk|1530
Spirit Link|1525
Buried Ruin|1523
Stalactite Stalker|1521
Bridge from Below|1504
Omniscience|1498
Kor Outfitter|1498
Shadow of Mortality|1496
Flashfreeze|1495
Cosmic Rebirth|1495
Night of Souls' Betrayal|1494
River of Tears|1492
Solitary Confinement|1475
Omen of the Sea|1467
Reveillark|1464
Talisman of Creativity|1455
Tezzeret the Seeker|1455
Ertai's Scorn|1441
Archfiend of Ifnir|1437
Fiend Hunter|1436
Shinka, the Bloodsoaked Keep|1432
Floodpits Drowner|1428
Laboratory Maniac|1427
Goblin Cratermaker|1424
Rundvelt Hordemaster|1416
Soul's Attendant|1415
Bonfire of the Damned|1409
Rule of Law|1406
Finale of Promise|1405
Temple of Malice|1404
Flame Blitz|1401
Nimble Obstructionist|1396
Loran of the Third Path|1393
Cragganwick Cremator|1389
Obosh, the Preypiercer|1387
Gleeful Demolition|1386
Dragonlord Dromoka|1380
Cathar Commando|1379
Kuldotha Rebirth|1379
Skred|1369
Oblivion Ring|1365
Gigadrowse|1365
Restore Balance|1362
Tyvar, Jubilant Brawler|1357
Dead of Winter|1353
Ulamog, the Infinite Gyre|1352
Shizo, Death's Storehouse|1349
Village Rites|1347
Ajani's Pridemate|1345
Vault of the Archangel|1345
Sundering Eruption|1342
Essence Warden|1342
Sun Titan|1337
Peek|1335
Magma Spray|1334
Keen-Eyed Curator|1331
Silundi Vision|1330
Wishclaw Talisman|1329
Cyclonic Rift|1328
Lotleth Troll|1328
Mikokoro, Center of the Sea|1325
Lumra, Bellow of the Woods|1318
Yggdrasil, Rebirth Engine|1318
Back to Nature|1317
Alchemist's Gambit|1317
Quirion Ranger|1313
Shalai, Voice of Plenty|1298
Satoru, the Infiltrator|1298
Tendo Ice Bridge|1294
Myr Enforcer|1288
Raise the Alarm|1277
Riverglide Pathway|1271
Shefet Dunes|1259
Sarinth Steelseeker|1256
Tormenting Voice|1254
Gaea's Blessing|1254
Goblin Chieftain|1254
Teferi, Mage of Zhalfir|1248
Ghoulcaller's Bell|1248
Dissenter's Deliverance|1241
Harmonic Sliver|1240
Mindbreak Trap|1237
Realmwalker|1233
Giant Killer|1229
Pulse of Murasa|1228
Saheeli, Sublime Artificer|1221
Invisible Stalker|1218
Glen Elendra Archmage|1218
Lyra Dawnbringer|1214
Stormscale Scion|1210
Minor Misstep|1208
Fracture|1208
Sanctum Prelate|1201
Dryad Militant|1198
Clearwater Pathway|1196
Sunscorched Desert|1194
Yargle and Multani|1191
Coppercoat Vanguard|1186
Elder Gargaroth|1186
Guttural Response|1185
Sleep-Cursed Faerie|1185
Jungle Weaver|1184
Archangel of Thune|1180
Coretapper|1180
Strategic Betrayal|1177
Nexus of Fate|1176
Revitalizing Repast|1175
Wargate|1173
Seal of Removal|1172
Goblin Dark-Dwellers|1172
Sunspine Lynx|1170
Temple of Triumph|1165
Trinket Mage|1163
Mistbind Clique|1162
Unflinching Courage|1155
Blightstep Pathway|1153
Deduce|1147
Anointed Peacekeeper|1146
Fragmentize|1144
Dig Through Time|1142
Astral Cornucopia|1140
Lonely Sandbar|1139
Solemn Simulacrum|1139
Mystical Teachings|1137
Thundermaw Hellkite|1135
Myr Retriever|1134
Chancellor of the Forge|1134
Tale's End|1133
Flames of the Blood Hand|1131
Timeless Dragon|1129
Clifftop Retreat|1128
Extinguisher Battleship|1126
Fiery Temper|1125
Sephiroth, Fabled SOLDIER|1124
Pinnacle Monk|1123
Pile On|1123
Flaying Tendrils|1116
Snakeskin Veil|1115
Riveteers Charm|1112
Altar of Dementia|1112
Summoning Trap|1110
Karn's Sylex|1106
Narnam Renegade|1105
Koth of the Hammer|1101
Time Sieve|1101
Temporal Mastery|1099
Ray of Revelation|1094
Kessig Malcontents|1094
Battlefield Forge|1093
Leyline of Combustion|1088
Prairie Stream|1085
Goblin Trashmaster|1080
Fauna Shaman|1077
Wild Slash|1076
Venser, Shaper Savant|1072
Rugged Prairie|1071
Anticipate|1069
Fatestitcher|1069
Press the Enemy|1068
Magma Jet|1067
Hieroglyphic Illumination|1065
Treasure Mage|1062
Wheel of Sun and Moon|1061
Faerie Conclave|1060
Nephalia Academy|1058
Deeproot Pilgrimage|1057
Cascading Cataracts|1052
Platinum Angel|1048
Knight-Errant of Eos|1048
Dire Fleet Daredevil|1034
Rain of Gore|1034
Illness in the Ranks|1026
Heroic Intervention|1025
Branchloft Pathway|1009
Mistveil Plains|1005
Feasting Troll King|1004
Avacyn's Pilgrim|1003
Summary Dismissal|1003
Barren Moor|1001
Chandra, Pyromaster|1001
Bristly Bill, Spine Sower|999
Venerated Loxodon|999
Rough|998
Blood Sun|996
Boromir, Warden of the Tower|990
Starfield Shepherd|989
Pale Recluse|989
Fry|985
Fiery Justice|984
Sun Droplet|982
Metallic Mimic|981
Unravel the Aether|979
Reforge the Soul|975
Shacklegeist|975
Inscribed Tablet|974
Breaker of Creation|974
Lair of the Hydra|970
Cryptic Coat|968
Waste Not|968
Mayhem Devil|966
Retreat to Coralhelm|966
Funeral Charm|963
Grisly Salvage|962
Pillar of Flame|959
The Royal Scions|954
Sulfurous Springs|952
Hall of Heliod's Generosity|950
Day of Judgment|947
Snapback|943
Bloodbraid Marauder|942
Chatterfang, Squirrel General|939
Luminarch Aspirant|934
Azorius Signet|932
Ichorclaw Myr|931
Desperate Ravings|929
Telling Time|928
Stain the Mind|928
Assault Strobe|924
Doom Blade|923
Sunken Hollow|923
Sword of War and Peace|923
Masked Vandal|920
Sevinne's Reclamation|919
An Offer You Can't Refuse|917
Runaway Steam-Kin|916
Drown in Sorrow|911
Lotus Cobra|906
Necroplasm|905
Wipe Away|903
Elvish Champion|902
Big Game Hunter|894
Goblin Anarchomancer|894
Phyrexia's Core|888
Rona, Herald of Invasion|888
Failure // Comply|887
Domri Rade|884
Pawpatch Formation|880
Grand Abolisher|877
Chandra's Incinerator|876
Surge Node|874
Loam Lion|874
Wizard's Lightning|873
Ruric Thar, the Unbowed|870
Leyline of Punishment|869
Dragonskull Summit|868
Life Goes On|867
Darkness|867
Vivien on the Hunt|866
Leaf-Crowned Visionary|863
Hellspark Elemental|861
Pack Rat|860
Darkbore Pathway|858
Vesperlark|857
Third Path Iconoclast|857
Wastewood Verge|856
Force of Virtue|853
Fervent Champion|852
Goblin Piledriver|852
Xenagos, God of Revels|851
Mayor of Avabruck|850
Roxanne, Starfall Savant|846
Flare of Fortitude|846
Null Elemental Blast|843
Leyline Axe|842
Profane Memento|841
Hope of Ghirapur|841
Enduring Innocence|841
Primal Beyond|840
Brought Back|836
Hex Parasite|834
Monstrous Rage|831
Sea's Claim|830
Xathrid Necromancer|828
Beseech the Mirror|827
Blood Fountain|823
Long Goodbye|823
Goblin Warchief|822
Haliya, Guided by Light|822
Solemnity|820
Crystal Barricade|813
Secure the Wastes|812
Shining Shoal|810
Worldsoul's Rage|810
Ifnir Deadlands|810
Borborygmos Enraged|809
Picklock Prankster|808
Gemrazer|805
Maul of the Skyclaves|803
Scrapwork Mutt|800
Sorin, Imperious Bloodlord|797
Seething Song|797
General Kudro of Drannith|797
Rustvale Bridge|796
Mine Collapse|793
Paradoxical Outcome|793
Elvish Clancaller|793
Magmatic Channeler|791
Predatory Sliver|790
Deadly Cover-Up|785
Cenote Scout|785
Serra Paragon|784
Pashalik Mons|782
Eliminate|781
Sinew Sliver|776
Tocatli Honor Guard|773
Talisman of Hierarchy|773
Incubation // Incongruity|773
Deathmark|770
Serra Avenger|766
Chandra, Dressed to Kill|763
Needleverge Pathway|759
Kami of False Hope|756
Bridgeworks Battle|756
Escape to the Wilds|756
Yixlid Jailer|754
Impulse|754
Phyrexian Obliterator|752
Benthic Biomancer|751
Insidious Roots|750
All That Glitters|745
Shatter Assumptions|744
Sunpetal Grove|744
Manriki-Gusari|743
Power Conduit|741
Screaming Nemesis|740
Yasharn, Implacable Earth|739
Rosie Cotton of South Lane|737
Greater Auramancy|736
Kumena's Speaker|735
Galerider Sliver|734
Thieving Skydiver|733
Aspect of Hydra|733
Scurry Oak|728
Sliver Hive|728
Thorn of Amethyst|724
Sign in Blood|723
Flare of Cultivation|723
Mistrise Village|723
Witching Well|722
Castle Embereth|721
Sundering Growth|721
Suspend|720
Jirina, Dauntless General|720
Leyline of Vitality|719
Trail of Crumbs|719
Tezzeret, Cruel Captain|718
Experimental Frenzy|717
Steel Leaf Champion|717
Kiora, the Rising Tide|716
Hive of the Eye Tyrant|713
Proclamation of Rebirth|709
End the Festivities|709
Maddening Cacophony|709
Play with Fire|707
Dictate of Kruphix|707
Kytheon, Hero of Akros|706
Hagra Mauling|704
Fiend Artisan|704
Bloodtithe Harvester|702
Acidic Slime|701
Throes of Chaos|701
Delay|700
Languish|700
Dreadship Reef|699
Spectral Sailor|698
Claws of Gix|698
Winternight Stories|698
Vanishing Verse|697
Mindspring Merfolk|697
One with the Multiverse|697
Nissa, Vital Force|696
Wood Elves|694
Wild Cantor|693
Set Adrift|691
Accursed Marauder|689
Simulacrum Synthesizer|688
Conjurer's Bauble|688
Gonti's Machinations|688
Volatile Fault|686
Electrickery|686
Witch's Cottage|686
Patrician's Scorn|684
Harvester of Misery|683
Flinthoof Boar|683
Phyrexian Fleshgorger|682
Secluded Glen|682
Song of Creation|681
Evolutionary Leap|678
Cryptbreaker|677
Blood Baron of Vizkopa|677
Sudden Edict|676
Keldon Marauders|673
Declaration in Stone|673
March of Reckless Joy|673
Blistercoil Weird|671
Selective Memory|670
Fog|668
Ideas Unbound|668
Soul of Windgrace|667
Novice Inspector|666
Clever Lumimancer|665
Silhana Ledgewalker|665
Victim of Night|662
Sunlance|662
Ashiok, Nightmare Weaver|661
Cerulean Wisps|661
Grave Titan|661
Ground Rift|659
Hidden Herbalists|658
Keen Sense|658
Winota, Joiner of Forces|655
Lonis, Cryptozoologist|654
Nissa, Voice of Zendikar|653
Rest for the Weary|653
Gingerbread Cabin|652
Deserted Temple|650
Keruga, the Macrosage|648
Coalition Relic|648
Steel Sabotage|648
Invasion of Ikoria|646
Ray of Enfeeblement|644
Porphyry Nodes|642
Elder Deep-Fiend|642
Merfolk Mistbinder|641
Hero of Bladehold|639
Torrential Gearhulk|638
Forging the Anchor|637
Craterhoof Behemoth|637
Anguished Unmaking|637
Ureni, the Song Unending|635
Rip Apart|634
Smother|632
Titanoth Rex|632
By Force|632
Goblin Chainwhirler|627
Wispmare|626
Brimaz, King of Oreskos|626
Syr Ginger, the Meal Ender|625
Vengeful Pharaoh|623
Deep Analysis|623
Coralhelm Commander|621
Unsubstantiate|617
Tooth and Nail|617
Snow-Covered Wastes|614
Kaito Shizuki|614
Chart a Course|614
Amalia Benavides Aguirre|613
Zhalfirin Void|613
Narset, Jeskai Waymaster|612
Chancellor of the Dross|611
Break Out|609
Fblthp, the Lost|609
Forsaken Monument|608
Halimar Depths|607
Rain of Tears|607
Saffi Eriksdotter|606
Sram, Senior Edificer|605
Desert|605
Cloudshredder Sliver|604
Scrying Sheets|600
Lost Legacy|598
Paradox Engine|596
Insidious Fungus|596
Fanatical Firebrand|590
Accorder's Shield|587
Commune with Spirits|583
Magnetic Theft|583
Overgrowth|583
Ugin's Binding|583
Curious Obsession|582
Scion of Oona|581
Vein Ripper|580
Ravenous Squirrel|580
Vampire Hexmage|579
Slagstorm|578
Zealous Conscripts|578
Blightning|578
Basim Ibn Ishaq|577
Chancellor of the Annex|575
Deglamer|575
Legion Warboss|573
Retract|573
Spidersilk Net|569
Halo Forager|569
Ral, Izzet Viceroy|569
Jace's Phantasm|569
Tranquil Thicket|566
Battlefield Improvisation|565
Planebound Accomplice|564
Twinshot Sniper|564
Demilich|563
Void Snare|562
Deafening Clarion|562
Lithomantic Barrage|562
Mirrex|556
Mark of Asylum|556
Ponder|555
Squelch|546
Trumpeting Carnosaur|546
Glint-Nest Crane|545
Savor the Moment|545
Cataclysmic Gearhulk|544
Warden of the Inner Sky|544
Oran-Rief, the Vastwood|543
Temple of Mystery|542
Plaza of Heroes|542
Cathar's Shield|542
Beacon Bolt|542
Lone Missionary|540
Old-Growth Troll|539
Monastery Siege|539
Reshape|539
Rampaging Ferocidon|537
Claim // Fame|536
Omnath, Locus of the Roil|536
Stern Dismissal|536
Brushfire Elemental|535
Talisman of Indulgence|533
Hopeful Initiate|531
Battle Cry Goblin|527
Faith's Reward|527
Defile|526
Thunderous Wrath|525
Seed of Hope|525
Outpost Siege|524
Kabira Crossroads|521
Crackling Doom|519
No More Lies|514
Vithian Renegades|513
Blight Herder|510
Judge's Familiar|510
Repudiate // Replicate|510
Carnage Tyrant|509
Wonder|508
Jace Beleren|505
Palantír of Orthanc|504
Spectral Denial|504
Figure of Destiny|502
Rhonas the Indomitable|502
Nevermore|501
Pillage the Bog|499
Watcher for Tomorrow|498
Risk Factor|498
Battle at the Bridge|496
Fanatic of Rhonas|495
Rush of Inspiration|494
Inverter of Truth|493
Faithless Salvaging|492
Exhaustion|488
Nine Lives|488
Vile Aggregate|488
Cecil, Dark Knight|487
Return to the Ranks|486
Haunted Dead|484
Vampiric Link|483
Timeless Lotus|482
Leeching Sliver|480
Zuran Orb|480
Vraska, Golgari Queen|480
Kethis, the Hidden Hand|480
Mission Briefing|479
Brightclimb Pathway|478
Consuming Corruption|478
Smokebraider|478
Wight of the Reliquary|478
Cave of the Frost Dragon|477
Kiora, Behemoth Beckoner|476
Light-Paws, Emperor's Voice|475
Forbidden Orchard|475
Aeve, Progenitor Ooze|474
Mind Funeral|474
Hengegate Pathway|474
Entrancing Melody|473
Memoricide|472
Prophetic Prism|472
Memory's Journey|472
Wildgrowth Walker|471
Caustic Caterpillar|471
Monument to Endurance|471
Hada Freeblade|471
Thassa, God of the Sea|469
Fomori Vault|468
Sleeper Agent|468
Omnivorous Flytrap|467
Avatar of the Resolute|466
Idyllic Grange|466
Rootbound Crag|466
Slip Out the Back|464
Nightpack Ambusher|461
Sulfur Elemental|461
Portal to Phyrexia|461
Into the Story|460
Westvale Abbey|459
Archdruid's Charm|457
Scrapyard Recombiner|456
Cast Out|455
Cartouche of Solidarity|454
Kazandu Blademaster|454
Undead Augur|454
Cut Down|453
Pelakka Predation|453
Aether Channeler|453
Anoint with Affliction|453
Akoum Hellhound|453
Vivi Ornitier|452
Salvage Titan|452
Hero's Downfall|452
Wooded Bastion|451
Sickening Shoal|451
Essence Flux|449
Flame Rift|447
Audacity|442
Leatherback Baloth|442
Iridescent Vinelasher|441
Slogurk, the Overslime|439
Entomber Exarch|439
Stingscourger|437
Banishing Light|437
Gruul Spellbreaker|437
Healer of the Glade|437
Freestrider Lookout|433
Spirit of the Labyrinth|432
Leyline of Abundance|432
Faerie Seer|431
Counterbalance|429
Invasion of Ergamon|429
Luxior, Giada's Gift|428
Wear Away|428
Bottled Cloister|427
Souls of the Lost|427
Cast Down|426
Ethereal Haze|425
Trapmaker's Snare|423
Spark Elemental|423
Shambling Ghast|422
Deadly Dispute|421
Possessed Portal|421
Diffusion Sliver|420
Elite Spellbinder|417
Hostage Taker|417
Ojutai's Command|417
Curse of Silence|416
Boros Reckoner|416
Devastating Summons|415
Phyrexian Arena|415
Delirium Skeins|414
Nivmagus Elemental|414
Incinerate|414
Domri, Anarch of Bolas|414
Stormchaser's Talent|412
Qasali Ambusher|412
Brave the Elements|410
Fire|410
Manifold Key|409
Stormchaser Mage|409
Self-Inflicted Wound|409
Floodfarm Verge|408
Cache Grab|408
Rakshasa's Bargain|406
Obzedat, Ghost Council|403
Kari Zev's Expertise|403
Underground River|402
Whirler Rogue|400
Orbs of Warding|400
Murderous Rider|400
Knight of the White Orchid|400
Spell Burst|400
Propaganda|399
Karmic Guide|397
Trickbind|397
Weathered Wayfarer|397
Dragonlord Ojutai|397
Tireless Provisioner|396
Founding the Third Path|394
Naturalize|394
Entreat the Angels|394
Kozilek, the Great Distortion|394
Cartel Aristocrat|392
Unlucky Witness|392
Radiant Flames|392
Glassdust Hulk|392
Demigod of Revenge|391
Hushwing Gryff|391
Spine of Ish Sah|389
Spitebellows|389
Thieves' Guild Enforcer|388
Crack the Earth|387
Elves of Deep Shadow|387
Lantern of the Lost|387
Mothdust Changeling|387
Power Depot|386
Phantasmagorian|386
Psychic Puppetry|384
Claim the Firstborn|383
Howling Mine|382
Samwise the Stouthearted|382
Deicide|381
Consign // Oblivion|380
Talisman of Unity|380
Doran, the Siege Tower|379
Oni-Cult Anvil|378
Bant Charm|378
Krenko, Mob Boss|378
Royal Treatment|377
Journey to Nowhere|377
Priest of Titania|377
Overgrown Battlement|374
Skrelv, Defector Mite|373
Song-Mad Treachery|373
Highway Robbery|373
Tithing Blade|372
Prime Speaker Vannifar|369
Harvest Pyre|369
Rhox War Monk|369
Carth the Lion|369
Voyaging Satyr|368
Harmonize|367
Ipnu Rivulet|365
Reach Through Mists|365
Scourge Devil|365
Lavaclaw Reaches|364
Abstergo Entertainment|363
Rotting Regisaur|362
Smiting Helix|362
Viridian Longbow|362
Aetherflux Reservoir|362
Arcane Proxy|362
Punishing Fire|362
Temple of Epiphany|361
Rise // Fall|360
The Battle of Bywater|359
Tyrranax Rex|359
Frantic Inventory|359
Gifted Aetherborn|359
Vexing Shusher|358
Ball Lightning|357
Beza, the Bounding Spring|357
Norin the Wary|356
Canopy Vista|355
Frenetic Sliver|354
Discovery // Dispersal|353
Pact of the Titan|352
Feed the Cycle|352
Bounding Krasis|351
Irrigated Farmland|351
Carrion Call|351
The End|350
Tangled Florahedron|350
Shape Anew|349
Brightglass Gearhulk|349
Dusk Rose Reliquary|348
Genesis Wave|348
Rotting Rats|347
Dauntless Bodyguard|347
Fieldmist Borderpost|345
Dregscape Sliver|343
Disciple of the Vault|343
Twisted Abomination|342
Legion's Landing|341
Buried Alive|340
Manic Scribe|340
Hopeless Nightmare|339
Overlord of the Mistmoors|339
Fabled Passage|339
Lightning Greaves|338
Helga, Skittish Seer|338
Ash Zealot|337
Piracy Charm|337
Worldly Counsel|337
Garruk Relentless|337
Cacophony Scamp|336
Okina, Temple to the Grandfathers|335
Go Blank|335
Tyvar's Stand|334
Sorin, Lord of Innistrad|333
Semblance Anvil|332
Mizzium Skin|332
Wandering Fumarole|332
Boreal Druid|332
Lose Focus|331
Rune Snag|331
Storm the Festival|331
Gatekeeper of Malakir|331
Oswald Fiddlebender|330
Footsteps of the Goryo|330
Rally the Ancestors|330
Diabolic Intent|329
Reality Hemorrhage|329
Michiko's Reign of Truth|329
Bribery|328
Slip Through Space|328
Frogtosser Banneret|327
Teething Wurmlet|326
Liquimetal Torque|325
Infernal Plunge|325
Akoum Battlesinger|325
Lithoform Blight|324
Conduit of Ruin|323
Fury of the Horde|323
Ransack the Lab|322
Sentinel's Eyes|322
Flame Jab|320
Frogmyr Enforcer|320
Scrabbling Claws|320
The Restoration of Eiganjo|317
Wirewood Symbiote|317
Striking Sliver|316
Memory Guardian|316
Vampire Nighthawk|316
Curse of Death's Hold|316
Valorous Stance|316
Bone Saw|315
Destroy Evil|314
Sheltered by Ghosts|314
Plated Geopede|314
Dusk // Dawn|313
Putrid Goblin|312
Edge of Autumn|312
Candy Trail|311
Isolate|311
Oxidize|310
Wayward Guide-Beast|310
Okiba Reckoner Raid|309
Archangel Avacyn|309
Driven // Despair|309
Faith's Shield|309
Might of Alara|308
Steamcore Scholar|307
Sedge Sliver|306
Dungrove Elder|306
Glass Casket|305
Infernal Tutor|305
Death Cloud|305
Reckless Pyrosurfer|305
Fade from History|305
Bottle Gnomes|305
Teetering Peaks|304
Fires of Invention|304
Jolted Awake|301
Muddle the Mixture|301
Augur of Bolas|301
Aethermage's Touch|300
Kabira Evangel|300
Halo Hopper|299
Ally Encampment|298
Caustic Bronco|298
Collector's Cage|298
Pyre of Heroes|298
Soulfire Grand Master|298
Recommission|296
Earwig Squad|295
Oran-Rief Survivalist|294
Peregrin Took|293
Lukka, Coppercoat Outcast|292
Dewdrop Cure|292
Joraga Warcaller|292
Holy Day|292
Pteramander|292
Blasphemous Act|290
Genesis Chamber|289
Ambitious Farmhand|289
Sigil of Distinction|288
Warren Instigator|288
Jack-o'-Lantern|288
Wildfield Borderpost|286
Brutal Cathar|286
Stonecoil Serpent|285
Pongify|284
Ghostfire Blade|284
Devour Flesh|283
Warren Weirding|283
Wistful Selkie|283
Fraying Sanity|282
Sovereign's Bite|282
Boomerang|282
Birgi, God of Storytelling|281
Pelt Collector|280
Kayla's Reconstruction|280
Champion of the Perished|280
Sejiri Steppe|280
Scheming Symmetry|280
Elspeth, Sun's Nemesis|279
Abzan Charm|279
Silent Gravestone|278
Part the Waterveil|278
Gray Merchant of Asphodel|278
Merchant Scroll|276
Squee, Dubious Monarch|276
Glissa Sunslayer|275
Oracle of Mul Daya|275
Ephara's Dispersal|275
Drossforge Bridge|275
Seeker of the Way|273
Nahiri, the Unforgiving|273
Mirror Entity|272
Heartless Summoning|272
Soaring Thought-Thief|272
Manaweft Sliver|271
Extinction Event|271
Three Steps Ahead|271
Shadows' Verdict|271
Flowering of the White Tree|271
Voltaic Key|270
Enduring Ideal|269
Second Sunrise|268
Elsewhere Flask|268
Zombie Infestation|267
Doomed Traveler|267
Solar Transformer|266
Return to Nature|265
Asylum Visitor|265
Supreme Will|265
Brainstone|264
Winter Moon|263
Gather the Townsfolk|263
Wrenn and Realmbreaker|262
Step Through|262
Whirlwind Denial|262
Village Bell-Ringer|261
Magda, Brazen Outlaw|261
Spider-Sense|260
Thrun, Breaker of Silence|259
Enigmatic Incarnation|259
Giant Growth|259
Kalonian Tusker|258
Ninja of the Deep Hours|256
Honest Rutstein|256
Chandra, Flamecaller|256
Ripples of Undeath|256
Zurgo Bellstriker|255
Eladamri, Korvecdal|255
Harmonic Prodigy|254
Celestial Flare|253
Capricious Hellraiser|253
Superior Spider-Man|253
Trash for Treasure|252
Putrefy|252
Angrath's Marauders|252
Jace Reawakened|251
Spirited Companion|251
Padeem, Consul of Innovation|251
Glacial Floodplain|249
Sphere of the Suns|248
Invasion of Gobakhan|248
Vito, Thorn of the Dusk Rose|247
Banefire|247
Arcades, the Strategist|247
Bow of Nylea|247
Circle of Protection: Red|247
Legion Leadership|247
Mortarpod|246
Werewolf Pack Leader|246
Dawnbringer Cleric|246
Lightning Angel|246
Detect Intrusion|245
Maximize Velocity|244
Barkchannel Pathway|244
Refurbished Familiar|243
Ancestral Anger|243
Expedition Envoy|243
Laelia, the Blade Reforged|241
Insatiable Avarice|241
Sphinx of the Final Word|241
Simic Charm|240
Consume the Meek|240
Urza's Factory|240
Revoke Existence|239
Tempered Steel|238
Wail of the Forgotten|238
Grand Architect|237
Fiery Impulse|237
Green Sun's Twilight|236
Elusive Otter|236
Mausoleum Secrets|236
Loaming Shaman|236
Fateful Absence|236
Nature's Chant|236
Miscast|236
Fuel the Flames|236
Evolving Wilds|235
Trading Post|234
Geomancer's Gambit|234
Hunting Wilds|233
Void Rend|233
Authority of the Consuls|233
Velomachus Lorehold|233
Fabricate|233
Fading Hope|233
Isamaru, Hound of Konda|232
Polymorph|232
Kitesail Larcenist|232
Nicol Bolas, Planeswalker|231
Tin Street Hooligan|231
The Antiquities War|231
Greasefang, Okiba Boss|231
Interplanar Beacon|230
Lumbering Falls|229
Walk the Aeons|229
Scryb Ranger|229
Steel of the Godhead|229
Lightning Strike|228
Fling|228
Call of the Death-Dweller|228
Grist, Voracious Larva|227
Emerge Unscathed|227
Gaea's Revenge|227
Smoldering Marsh|226
Soulflayer|225
Kor Duelist|225
Toski, Bearer of Secrets|225
Varolz, the Scar-Striped|224
Joshua, Phoenix's Dominant|224
Memory Sluice|224
Migloz, Maze Crusher|224
Woodfall Primus|224
Smuggler's Surprise|223
Littjara Mirrorlake|222
Cosi's Trickster|222
Woe Strider|222
Davriel, Rogue Shadowmage|221
Cartographer's Survey|221
Emergency Eject|220
Thrasta, Tempest's Roar|219
Open the Vaults|219
Flesh // Blood|219
Gallia of the Endless Dance|218
Corrupted Crossroads|218
Scarscale Ritual|218
Thought Distortion|217
Chromatic Lantern|217
Enduring Curiosity|216
Rapid Hybridization|216
Rebuild|216
Echo of Eons|216
Cavalier of Thorns|215
Parhelion II|215
Chandra, Acolyte of Flame|215
Drowner of Truth|214
Imperious Perfect|214
Corrupted Conviction|214
Leyline of Resonance|214
Melira, the Living Cure|214
Gyruda, Doom of Depths|214
Universal Automaton|213
Nebelgast Herald|213
Fallen Shinobi|213
Atog|213
Glimmerpost|212
Staggering Insight|212
Blind Obedience|212
Oracle of Tragedy|211
Brineborn Cutthroat|211
Harabaz Druid|211
Altered Ego|211
Needle Spires|211
Magmatic Hellkite|211
Breaking // Entering|209
Grumgully, the Generous|208
Cloudshift|208
Kumano Faces Kakkazan|208
Protean Hulk|208
Starting Town|208
Knight of Malice|208
Confounding Conundrum|207
Kraul Harpooner|207
Adventurous Impulse|207
Censor|207
Bolas's Citadel|205
Embercleave|205
Erayo, Soratami Ascendant|205
Ondu Cleric|205
Arasta of the Endless Web|204
Priest of Forgotten Gods|204
Hullbreaker Horror|204
Chandra's Defeat|203
Drana and Linvala|202
Liliana, Heretical Healer|202
Horned Loch-Whale|202
Batwing Brume|202
The Flame of Keld|201
Sarkhan, Fireblood|201
Into the Roil|201
Countryside Crusher|201
Nissa, Vastwood Seer|201
Thunderbreak Regent|201
Sylvan Anthem|200
Liliana's Triumph|200
Scab-Clan Berserker|200
Refraction Trap|199
Wandering Mind|199
Infest|199
Thalia's Lancers|199
Rimewood Falls|198
Force of Will|198
Knight of the Ebon Legion|198
Mystic Reflection|198
Fertile Ground|198
Rage Forger|197
Temple of Silence|197
Call to the Netherworld|197
Winding Way|197
Sazh's Chocobo|196
Siege Smash|195
Dimir Signet|194
Riders of Gavony|194
Ancient Imperiosaur|193
Hammer of Bogardan|192
Student of Warfare|192
Wumpus Aberration|192
Cloudstone Curio|191
Earthquake|191
Leonin Lightscribe|191
Anathemancer|191
Orzhov Charm|190
Nest Invader|190
Blightbeetle|189
Void Winnower|189
Clockwork Percussionist|189
Gnarlwood Dryad|188
Fairgrounds Warden|188
Vryn Wingmare|188
Soldier of the Pantheon|188
Falkenrath Aristocrat|188
Puresight Merrow|188
Commit // Memory|188
Godhead of Awe|187
Lutri, the Spellchaser|187
Tamiyo, Collector of Tales|187
Expansion // Explosion|187
Geist-Honored Monk|186
Ilharg, the Raze-Boar|186
Dragonlord Atarka|186
Safewright Quest|186
Ob Nixilis Reignited|186
Tragic Slip|185
Distended Mindbender|184
Attune with Aether|184
Nix|184
Magistrate's Scepter|183
Nissa, Who Shakes the World|183
Infernal Grasp|183
Magda, the Hoardmaster|182
Slime Against Humanity|182
Gretchen Titchwillow|182
Body Double|182
Slagwoods Bridge|182
Izzet Signet|182
Late to Dinner|182
Murmuring Bosk|182
Riptide Laboratory|182
Blessed Respite|181
Stonehorn Dignitary|181
Geth's Verdict|181
Brainstorm|180
Cry of the Carnarium|180
Lodestone Golem|179
Compulsive Research|179
Tajic, Legion's Edge|179
Titan's Strength|179
Ingenious Infiltrator|179
Rampant Growth|178
Dark Petition|177
Merfolk Branchwalker|177
Incandescent Soulstoke|176
Necrotic Ooze|176
The First Sliver|176
Molten Vortex|175
Notion Thief|175
Narset Transcendent|175
Primal Prayers|175
Magma Opus|174
Skylasher|174
Hallowed Burial|174
Thrill of Possibility|173
Big Score|173
Relentless Dead|173
Valley Rannet|172
Tombstalker|171
Invasion of Alara|171
Sphere of Safety|171
Calciform Pools|171
Goblin Instigator|170
Tribute to Hunger|170
Swans of Bryn Argoll|170
Rally the Peasants|170
Mystic Repeal|170
Silent Arbiter|169
Morophon, the Boundless|169
Purphoros, God of the Forge|169
Cruel Ultimatum|169
Den Protector|168
Helping Hand|168
Ossification|168
Sudden Death|167
Sigil of the Empty Throne|167
Sword of Sinew and Steel|167
Arc Trail|167
Jester's Cap|166
Fecundity|166
Merfolk Sovereign|166
Tempest of Light|166
Dragon Fodder|165
Rise and Shine|165
Filigree Familiar|165
Arcbound Mouser|165
Requisition Raid|164
Sylvan Messenger|164
Nissa, Steward of Elements|164
Glimmer of Genius|163
March of Swirling Mist|163
Contested War Zone|163
Tainted Strike|163
Kinnan, Bonder Prodigy|163
Kunoros, Hound of Athreos|162
Legions to Ashes|162
Scattered Groves|162
Sygg, River Cutthroat|162
Brain Maggot|162
Warden of the First Tree|162
Riftsweeper|162
Moon-Circuit Hacker|162
Midnight Haunting|162
Quicken|161
Swarmyard|161
Lay Down Arms|161
Thrashing Brontodon|160
Firewild Borderpost|160
Plow Under|160
The Mightstone and Weakstone|160
Wizard's Retort|160
Lovestruck Beast|160
Eldrazi Conscription|160
Glasswing Grace|159
Tomb of the Spirit Dragon|159
Ranger's Firebrand|159
Skaab Ruinator|159
Burning-Tree Shaman|159
Archfiend of the Dross|158
Generous Gift|158
Spyglass Siren|158
Ruination Guide|157
Battle of Wits|157
Quicksilver Amulet|157
Cranial Extraction|157
Changeling Outcast|157
Sidewinder Sliver|157
Ashen Rider|157
Speaker of the Heavens|157
Groundbreaker|157
Say Its Name|156
Raffine's Informant|156
Cultivate|156
Woolly Thoctar|156
Manglehorn|156
Cathartic Pyre|156
Goblin Wardriver|156
Infernal Reckoning|156
Selfless Savior|156
Darkheart Sliver|155
Commune with the Gods|155
Canyon Slough|154
Diregraf Ghoul|154
Cerulean Drake|154
Worn Powerstone|154
Merry, Esquire of Rohan|153
Headless Rider|153
Nature's Rhythm|153
Boulderbranch Golem|152
Crawling Barrens|152
Gonti, Lord of Luxury|152
Bloodsoaked Champion|152
Fountainport|152
Gaea's Might|152
Azorius Charm|152
Autumn's Veil|152
Psionic Blast|151
Imskir Iron-Eater|151
Erebos, God of the Dead|151
Riverpyre Verge|151
Forbidden Alchemy|151
Great Sable Stag|151
Myth Realized|150
Commune with Nature|150
Blightsteel Colossus|150
Opera Love Song|150
Call of the Ring|150
Syphon Sliver|150
The Enigma Jewel|150
Erase|150
Invasion of Azgol|150
Great Hall of the Citadel|149
Torbran, Thane of Red Fell|149
Absorb|149
Swiftfoot Boots|149
Blackmail|149
Putrid Leech|149
Ashiok, Nightmare Muse|149
Cloudpost|148
Flame Javelin|148
Conduit Goblin|148
Weathered Runestone|148
Lightning, Army of One|147
Dread Wanderer|147
Dead|147
Intervention Pact|147
Insult // Injury|147
Demonic Counsel|146
Split Up|146
Hallowed Haunting|146
Nameless Inversion|145
Serrated Scorpion|145
Ranger's Guile|145
Deeproot Wayfinder|145
Ignite Memories|145
Squee, Goblin Nabob|145
Hide // Seek|145
Roadside Reliquary|145
Tamiyo, Field Researcher|144
Koma, World-Eater|144
Goblin King|144
Vantress Gargoyle|144
Voice of the Blessed|144
Bramblewood Paragon|143
Surrak Dragonclaw|143
Necropede|143
Voyage Home|143
Assimilation Aegis|142
Righteous Valkyrie|142
Whisperwood Elemental|142
Reenact the Crime|142
Aetherworks Marvel|142
Celestial Kirin|142
Case of the Gateway Express|142
Case of the Crimson Pulse|142
Unexpected Results|141
Shifting Ceratops|141
Palantir of Orthanc|141
Mosswood Dreadknight|141
Reinforced Ronin|141
Generator Servant|141
Beast Whisperer|140
Plaguecrafter|140
Hour of Devastation|140
Bile Blight|140
Oath of Kaya|139
Djeru and Hazoret|139
Kor Skyfisher|139
Flamebreak|139
Springbloom Druid|139
Blue Sun's Zenith|139
Electrostatic Infantry|139
Kura, the Boundless Sky|138
Kemba, Kha Enduring|138
Haunted Ridge|138
Pyroblast|138
Upheaval|138
Virtue of Persistence|137
Bandit's Talent|137
Yahenni's Expertise|137
Illuminator Virtuoso|136
Trespasser's Curse|136
Despark|135
Etherium Sculptor|135
Reliquary Tower|135
Kutzil, Malamet Exemplar|135
Dead Weight|134
The Wandering Minstrel|134
Satyr Firedancer|134
Chandra's Phoenix|134
Aether Spike|134
Myr Battlesphere|134
Flamescroll Celebrant|134
Ground Seal|134
Faerie Mastermind|134
Haven of the Spirit Dragon|133
Heliod's Intervention|133
Retraction Helix|133
Cleansing Nova|133
Heartless Act|133
Contaminated Ground|133
Silkwrap|133
Wasteland|133
Liberator, Urza's Battlethopter|132
Mana Bloom|132
Argentum Masticore|132
Necrotic Sliver|132
Goblin Ruinblaster|131
Vendetta|131
Aetherize|131
Genesis Hydra|131
Beseech the Queen|131
Wayward Servant|131
Eldrazi Repurposer|131
Approach of the Second Sun|131
Rix Maadi Reveler|131
Treasure Hunt|131
Unauthorized Exit|131
Boom|131
Dovin, Hand of Control|131
Axebane Guardian|130
Kogla and Yidaro|130
Needlebite Trap|130
Needle Drop|130
Fierce Empath|129
Rite of Flame|129
Malevolent Hermit|128
Ghostway|128
Marketback Walker|128
Shock|127
Samut, Voice of Dissent|127
Mangara of Corondor|127
Storm Herald|127
Incubation|127
Blinkmoth Infusion|127
Resurgent Belief|127
Heroes' Hangout|127
Anticausal Vestige|127
Elven Farsight|126
Umbral Mantle|126
Lantern Scout|126
Arwen, Mortal Queen|126
Nyx-Fleece Ram|126
Mirrorshell Crab|126
Plummet|125
Shore Up|125
Akroma, Angel of Fury|125
Augur of Autumn|125
Esika's Chariot|125
Ghostfire Slice|125
Chromatic Orrery|125
Thought Erasure|125
Riders of the Mark|125
Pharika, God of Affliction|125
Search for Glory|125
Swiftwater Cliffs|124
Throne of the God-Pharaoh|124
Gods Willing|124
Idyllic Tutor|124
Astrologian's Planisphere|124
Lamplight Phoenix|124
Filigree Sages|124
Teferi's Puzzle Box|124
Mastermind's Acquisition|124
Ruthless Lawbringer|124
War Priest of Thune|124
Simic Signet|124
Loxodon Hierarch|123
Blazemire Verge|123
Cavalier of Night|123
Kopala, Warden of Waves|123
Broken Bond|123
Agent of Treachery|123
Evolution Witness|123
Mistvein Borderpost|122
Hydroblast|122
Goblin Blast-Runner|122
Executioner's Capsule|122
Chief Engineer|122
See the Truth|122
Stormcatch Mentor|121
Momentary Blink|121
Sedgemoor Witch|120
Kavaero, Mind-Bitten|120
Noxious Grasp|120
The Endstone|120
Nether Spirit|120
Setessan Petitioner|120
Ultimate Price|120
Skyclave Cleric|120
Extract the Truth|120
Golgari Brownscale|119
Jagged Barrens|119
Fae of Wishes|119
Magus of the Tabernacle|119
Treefolk Harbinger|119
Withered Wretch|119
Omnath, Locus of Rage|119
Greenbelt Rampager|119
Bloodthorn Flail|119
Titan of Industry|119
Cabal Therapist|118
Thespian's Stage|118
Garruk, Primal Hunter|118
Door to Nothingness|117
Skyshroud Ranger|117
Chatterstorm|117
Smelt|117
Urza's Ruinous Blast|117
Kroxa and Kunoros|117
Party Thrasher|117
Nexus of Becoming|116
Arashin Cleric|116
Intrepid Hero|116
Witch's Vengeance|116
Cunning Sparkmage|116
Gix, Yawgmoth Praetor|116
Altar of the Brood|116
Zetalpa, Primal Dawn|115
Kellan, Daring Traveler|115
Herald of Anguish|115
Liliana, Waker of the Dead|115
Mizzium Mortars|115
Pit of Offerings|115
Sword-Point Diplomacy|115
Many Partings|115
Faerie Miscreant|115
Trelasarra, Moon Dancer|114
Phyrexian Dragon Engine|114
Savage Knuckleblade|114
Jaddi Offshoot|114
Flashfires|114
Behold the Multiverse|114
Flametongue Yearling|114
Cosmogoyf|114
Haktos the Unscarred|113
Reidane, God of the Worthy|113
Gaze of Granite|113
Invasion of Tarkir|113
Lifebane Zombie|113
Vivien, Champion of the Wilds|113
Mentor of the Meek|113
Kozilek's Unsealing|112
Fire Prophecy|112
Pilgrim's Eye|112
Sultai Charm|112
Wren's Run Vanquisher|112
Tolarian Terror|112
Mercurial Spelldancer|112
Mosswort Bridge|112
Sin, Spira's Punishment|112
Bristling Backwoods|112
Freed from the Real|111
Lightning Mauler|111
Icon of Ancestry|111
Wingmate Roc|111
Dramatic Entrance|111
Wild Shape|111
Nekrataal|111
Grim Tutor|110
Warlord's Fury|110
Siphon Insight|110
Mental Misstep|110
Kodama's Reach|110
Defabricate|110
Umara Wizard|109
Tranquil Frillback|109
Glowspore Shaman|109
Disallow|109
Dreadhorde Butcher|109
Gideon's Intervention|109
Blisterpod|109
Withering Torment|109
Glint Hawk|109
Fleecemane Lion|108
Jwari Shapeshifter|108
Terror of the Peaks|108
Reckless Handling|108
Sliver Legion|107
Victimize|107
Case of the Ransacked Lab|107
Massacre Wurm|107
Siren Stormtamer|107
God-Pharaoh's Gift|107
Restless Anchorage|107
Clarion Spirit|107
Enigma Drake|107
Torment of Hailfire|106
Dauntless Escort|106
Phyrexian Vindicator|106
Giada, Font of Hope|106
Judith, the Scourge Diva|106
Transgress the Mind|106
Tithe Taker|105
Form of the Dragon|105
Corridor Monitor|105
Pili-Pala|105
Slay|105
Reckoner Bankbuster|105
Kazandu Mammoth|104
The Great Henge|104
Light of Hope|104
Hornet Nest|104
Ajani, Caller of the Pride|104
Stonecloaker|104
Stormblood Berserker|104
Light Up the Night|104
Aura of Silence|104
Amulet of Safekeeping|104
Quest for Pure Flame|104
Patchwork Beastie|103
Fire-Brained Scheme|103
Growth Spasm|103
Leave No Trace|103
Sparring Construct|103
Walking Bulwark|103
Ugin's Conjurant|103
Dreadmaw's Ire|103
Arcane Flight|103
Ishkanah, Grafwidow|103
Redirect|102
Rhythm of the Wild|102
Sorin the Mirthless|102
Omen Hawker|102
Pawpatch Recruit|102
Desecration Demon|102
Mystifying Maze|102
Kiora, Master of the Depths|102
Martyr's Soul|102
Tolsimir, Friend to Wolves|101
Gemhide Sliver|101
Rediscover the Way|101
Biotech Specialist|101
Hour of Revelation|101
Tovolar's Huntmaster|101
God-Pharaoh's Statue|101
Dragon's Approach|101
Troll Ascetic|101
Mishra's Command|101
Woodweaver's Puzzleknot|101
Earthshaker Khenra|101
Hashep Oasis|101
Inscription of Abundance|100
Forsaken Miner|100
Great Arashin City|100
Blue Sun's Twilight|100
Reckless Charge|100
Nylea's Disciple|100
Kozilek, the Broken Reality|100
Collective Resistance|100
Talisman of Conviction|99
Triton Wavebreaker|99
Saruli Caretaker|99
Blasting Station|99
Ancestral Statue|99
Night of the Sweets' Revenge|99
Jeskai Charm|99
Dragonfire Blade|99
Diregraf Colossus|98
Fortifying Draught|98
Mastery of the Unseen|98
Kite Shield|98
Shipwreck Marsh|98
Ghitu Lavarunner|98
Spikeshot Elder|98
Sunscour|98
Verdant Command|98
Liliana's Defeat|98
Progenitus|98
Winding Constrictor|97
Vedalken Plotter|97
Blur Sliver|97
Deep-Cavern Bat|97
Infinite Obliteration|96
Zur the Enchanter|96
Delney, Streetwise Lookout|96
Valiant Changeling|96
Hordeling Outburst|96
Scheming Fence|96
Great Furnace|96
Joraga Treespeaker|96
Raze the Effigy|96
Dour Port-Mage|96
Kaervek, the Punisher|95
Stillmoon Cavalier|95
Court Hussar|95
Moonveil Regent|95
All Will Be One|95
Nissa, Worldwaker|95
Hallow|95
Deserted Beach|94
Nagging Thoughts|94
Myr Superion|94
Nullhide Ferox|94
Meria, Scholar of Antiquity|94
Cankerbloom|94
Woodland Bellower|94
Impervious Greatwurm|94
Toolcraft Exemplar|94
White Sun's Zenith|93
Micromancer|93
Scorn-Blade Berserker|93
Scale of Chiss-Goria|93
Impact Tremors|93
Nicol Bolas, Dragon-God|93
Rockfall Vale|93
Moment of Craving|93
Sphinx of the Steel Wind|92
Ulvenwald Tracker|92
Guardian of the Great Door|92
Siege-Gang Commander|92
Obscura Charm|92
Unctus, Grand Metatect|92
Vampire Nocturnus|92
Memory Lapse|92
Zacama, Primal Calamity|92
Hidden Volcano|92
Nurturing Pixie|92
Open the Armory|92
Cry of Contrition|91
Jin-Gitaxias, Core Augur|91
Guardian of New Benalia|91
Nyxathid|91
Epic Experiment|91
Duergar Hedge-Mage|91
Black Sun's Zenith|91
Soul Reap|91
Displacement Wave|91
Ahn-Crop Crasher|91
Drown in Ichor|91
Tinybones Joins Up|90
Aegis of the Gods|90
Polukranos, World Eater|90
Flare of Duplication|90
Curse of Shaken Faith|90
Vampire's Kiss|90
Devout Lightcaster|90
See Beyond|90
Mortuary Mire|90
Felidar Retreat|90
Winds of Rebuke|90
Beck // Call|89
Pulse of the Fields|89
Selesnya Charm|89
Geological Appraiser|89
Hope-Ender Coatl|89
Secluded Steppe|89
Faceless Haven|89
Tinybones, the Pickpocket|89
Tallowisp|89
Servo Exhibition|89
Frostwalk Bastion|89
Spider-Punk|88
Story Circle|88
Slitherwisp|88
Consulate Dreadnought|88
Phoenix of Ash|88
Sprouting Thrinax|88
Scrapheap Scrounger|88
Elvish Rejuvenator|88
Luminarch Ascension|88
Eidolon of Blossoms|88
Dawn Charm|88
Tomb of Urami|88
Silverblade Paladin|87
Terramorphic Expanse|87
Blight Mamba|87
United Battlefront|87
Swords to Plowshares|87
Innkeeper's Talent|87
Vivien, Arkbow Ranger|87
Virulent Sliver|87
Children of Korlis|86
Tamiyo Meets the Story Circle|86
Painter's Servant|86
Goblin Arsonist|86
Sunbeam Spellbomb|86
Sea Gate Oracle|86
Sliver Hivelord|86
Boros Elite|86
Senu, Keen-Eyed Protector|86
Stormcarved Coast|86
Savage Summoning|86
Brittle Effigy|86
Cloudthresher|85
Glarb, Calamity's Augur|85
Temple of Abandon|85
Dakkon, Shadow Slayer|85
Nicol Bolas, the Ravager|85
Liliana's Caress|84
Soul Transfer|84
Gadwick's First Duel|84
Tifa Lockhart|84
Tajuru Preserver|84
Aragorn, the Uniter|84
Luminous Broodmoth|84
Blade of the Oni|84
Skrelv's Hive|84
Thornscape Battlemage|83
Assemble the Legion|83
Kassandra, Eagle Bearer|83
Severance Priest|83
Veinfire Borderpost|83
Tersa Lightshatter|83
Krenko's Command|83
Careful Cultivation|83
Lively Dirge|82
Hit // Run|82
March of Burgeoning Life|82
Boggart Ram-Gang|82
Scalding Viper|82
Dismal Backwater|82
Pestilent Cauldron|82
Experimental Confectioner|82
Plague Belcher|82
Enduring Courage|82
Filter Out|82
Gorilla Shaman|81
Rogue Refiner|81
Riddlesmith|81
Rift Sower|81
Archfiend's Vessel|81
Tukatongue Thallid|81
Legion Extruder|81
Elvish Archivist|81
Vivid Creek|81
Marrow Shards|81
Unstoppable Slasher|80
Pull from Eternity|80
Zirda, the Dawnwaker|80
Tamiyo, the Moon Sage|80
Divide by Zero|80
Clock of Omens|80
Invasion of Mercadia|80
Fecund Greenshell|80
Bishop of Wings|80
Ojer Axonil, Deepest Might|80
Niv-Mizzet, Parun|79
Gideon Blackblade|79
Despise|79
Karumonix, the Rat King|79
Ruins of Oran-Rief|79
Angelsong|79
Mystic Snake|79
Hedron Archive|79
Fortified Beachhead|79
Into the North|79
Vesuvan Drifter|79
Time of Need|79
Willow Geist|79
Frenzied Goblin|79
Electrostatic Bolt|79
Far // Away|79
Seraph Sanctuary|79
Broken Wings|78
Journey of Discovery|78
Mirror of Fate|78
Aqueous Form|78
Exalted Sunborn|78
Resplendent Angel|78
Thassa, Deep-Dwelling|78
Beckon Apparition|78
Perilous Vault|78
Myr Scrapling|78
Invasion of Amonkhet|78
Robber of the Rich|78
Daze|78
Analyze the Pollen|78
Sunfall|78
Possibility Storm|78
Abzan Ascendancy|77
Magmatic Insight|77
Sapphire Medallion|77
Mirrodin's Core|77
Kess, Dissident Mage|77
Sadistic Sacrament|77
Gather Courage|77
Stoke the Flames|77
Goldspan Dragon|77
Perilous Voyage|77
Nimble Mongoose|77
Copperhorn Scout|77
Knowledge Pool|77
Jotun Grunt|77
Invoke Calamity|76
Obelisk Spider|76
Blex, Vexing Pest|76
Everlasting Torment|76
Not of This World|76
Cathedral of War|76
Birthday Escape|76
Reap and Sow|76
Crush the Weak|76
Tax Collector|76
Thoughtbound Phantasm|76
Searing Spear|76
Ancient Den|76
Vessel of Volatility|75
Nevinyrral's Disk|75
Callous Bloodmage|75
Spike Jester|75
Flayer Husk|75
Dovescape|75
Arlinn Kord|75
Invasion of Ixalan|75
Brute Force|75
Plunge into Darkness|75
Fetid Pools|75
Firemantle Mage|75
Mikaeus, the Lunarch|75
Gala Greeters|75
Fireblade Charger|75
Commune with Lava|74
Viashino Pyromancer|74
Wheel of Potential|74
Sculpting Steel|74
Obliterating Bolt|74
Harm's Way|74
Crimson Wisps|74
Setessan Champion|74
Omen of the Forge|74
Umori, the Collector|74
Taii Wakeen, Perfect Shot|74
Brokers Charm|74
Soul Partition|74
Gruul Signet|73
Pyromancer's Swath|73
Mirrodin Besieged|73
Drown in Filth|73
Abyssal Persecutor|73
Ral, Crackling Wit|73
Sword of Truth and Justice|73
Magus of the Moat|73
Drift of Phantasms|73
Alpha Authority|73
Detection Tower|73
Vivien Reid|73
Moon-Blessed Cleric|73
Leyline of the Meek|72
Outcaster Trailblazer|72
Ghalta, Primal Hunger|72
Power Word Kill|72
Hall of the Bandit Lord|72
Rabbit Battery|72
Rally at the Hornburg|72
Of One Mind|71
Lotus Petal|71
Reality Heist|71
Utter End|71
Knight of Meadowgrain|71
Wheel of Fate|71
The Immortal Sun|71
Mutilate|71
Cemetery Gatekeeper|71
Miren, the Moaning Well|71
Rocco, Cabaretti Caterer|71
Heartfire Hero|71
Rankle, Master of Pranks|71
Lava Coil|71
Stoic Rebuttal|71
Shared Animosity|71
Dive Down|70
Chain Lightning|70
Llanowar Tribe|70
Catacomb Sifter|70
Yotia Declares War|70
Benalish Marshal|70
Drogskol Reaver|70
Declaration of Naught|70
Hero of Precinct One|70
The Scarab God|70
Return the Favor|70
Resolute Reinforcements|70
Emet-Selch, Unsundered|70
Epiphany at the Drownyard|70
Ancient Tomb|70
Sacred Ground|70
Tribute Mage|69
Staff of Domination|69
Reverberate|69
Sin Prodder|69
Arabella, Abandoned Doll|69
Chandra, Fire Artisan|69
Blade Historian|69
Glissa, the Traitor|69
Increasing Vengeance|69
Frodo, Sauron's Bane|69
Marauding Raptor|69
Profane Command|69
Hunt the Hunter|69
Sygg, River Guide|68
Favor of the Mighty|68
Enhanced Surveillance|68
Vivid Crag|68
Mistcutter Hydra|68
Oona's Blackguard|68
Halimar Excavator|68
Dalkovan Encampment|68
Mirror Box|68
Volcanic Island|68
Embereth Shieldbreaker|68
Viridian Shaman|68
Jaya, Fiery Negotiator|68
Archangel of Tithes|68
Mind Grind|67
Callous Sell-Sword|67
Chandra, Heart of Fire|67
Temporal Trespass|67
Frenzy Sliver|67
Regal Force|67
Repudiate|67
Alseid of Life's Bounty|67
Fortified Village|67
Ethersworn Sphinx|67
Enduring Vitality|67
Cloud of Faeries|67
Hushwood Verge|67
Akoum Warrior|67
Tenacious Underdog|67
Citizen's Crowbar|67
Teferi, Timebender|66
Silumgar's Scorn|66
Raffine, Scheming Seer|66
Farewell|66
Gush|66
Serra the Benevolent|66
Essence Reliquary|66
Wedding Announcement|66
Kalastria Highborn|66
Eerie Interlude|66
Tyrant's Scorn|66
Kazuul's Fury|66
Ertai Resurrected|65
Swiftblade Vindicator|65
Lost Jitte|65
Surge of Righteousness|65
Tough Cookie|65
The Chain Veil|65
Cunning Nightbonder|65
Homing Sliver|65
Dimir Aqueduct|65
Haunted Fengraf|65
Wayward Swordtooth|65
Parting Gust|65
Essence Scatter|65
Yidaro, Wandering Monster|64
Chamber Sentry|64
Hajar, Loyal Bodyguard|64
Kiora's Follower|64
Pull from Tomorrow|64
Lofty Denial|64
Runeflare Trap|64
Prowling Serpopard|64
Awaken the Honored Dead|64
Igneous Pouncer|64
Leyline of Anticipation|64
Worldwalker Helm|64
Teferi, Temporal Pilgrim|64
Abzan Falconer|64
Kutzil's Flanker|64
Cemetery Illuminator|63
Krenko's Buzzcrusher|63
Skyfisher Spider|63
Whispers of Emrakul|63
The Akroan War|63
Tezzeret's Gambit|63
Unsummon|63
Nomad Outpost|63
Curiosity|63
Horde of Notions|63
Diamond Lion|63
Rattleclaw Mystic|63
Discover the Impossible|63
Augur of Skulls|62
Spore Frog|62
Minas Tirith|62
Circuit Mender|62
Tainted Remedy|62
Gather the Pack|62
Balmor, Battlemage Captain|62
Shattering Blow|62
Draconic Roar|62
Overlord of the Floodpits|62
Quest for the Holy Relic|62
Thoughts of Ruin|62
Clutch of the Undercity|62
Necrotic Wound|62
Footfall Crater|62
Seat of the Synod|62
Port of Karfell|62
Undead Butler|61
Iname as One|61
Ionize|61
Treasure Map|61
Doomskar|61
Ajani, Mentor of Heroes|61
Dragonstorm|61
Sentinel Sliver|61
Artificer's Intuition|61
Elspeth, Storm Slayer|61
Ygra, Eater of All|61
Bound // Determined|61
The Gitrog Monster|60
Heritage Reclamation|60
Reckless Rage|60
Aethersphere Harvester|60
Strategic Planning|60
Overlord of the Boilerbilges|60
Elvish Bard|60
Makeshift Mannequin|60
Devastation Tide|60
Kavu Predator|60
Engulf the Shore|60
The Tarrasque|60
Season of Growth|60
Heir of the Wilds|60
Cruel Celebrant|59
Mystic Speculation|59
Sword of Body and Mind|59
Sea Gate Stormcaller|59
Bosk Banneret|59
Collective Defiance|59
Scion Summoner|59
Mire Triton|59
Gnawing Vermin|59
Steel Hellkite|59
Empyrean Eagle|59
Rydia, Summoner of Mist|59
Chrome Mox|59
Pond Prophet|59
Wild Guess|59
Bonders' Enclave|59
Commune with Dinosaurs|59
Kenrith, the Returned King|59
Doubling Season|59
Thornspire Verge|58
Echoing Decay|58
Linvala, the Preserver|58
Kari Zev, Skyship Raider|58
Binding the Old Gods|58
Ajani Goldmane|58
Feldon, Ronom Excavator|58
Immortal Servitude|58
Aerith Gainsborough|58
Sejiri Merfolk|58
Galvanic Iteration|58
Knight Exemplar|58
Fiendslayer Paladin|58
Horn of the Mark|58
Sunbillow Verge|58
Valakut Exploration|58
Braids, Arisen Nightmare|58
Cloudfin Raptor|58
Temple of Plenty|57
Torch the Tower|57
Ice Tunnel|57
Acererak the Archlich|57
Cori Mountain Monastery|57
Wall of Resurgence|57
Voltaic Brawler|57
Read the Bones|57
Predator Ooze|57
Stormbound Geist|57
Abominable Treefolk|57
Erebos's Intervention|57
Haughty Djinn|57
Trophy Mage|57
Navigator's Compass|57
Restless Cottage|57
Chance for Glory|57
Market Gnome|57
Patriarch's Bidding|57
Kitsa, Otterball Elite|57
Momentum Breaker|56
Runechanter's Pike|56
Shrine of the Forsaken Gods|56
Khenra Spellspear|56
Tel-Jilad Justice|56
Rogue's Passage|56
Tomik, Distinguished Advokist|56
Growing Rites of Itlimoc|56
Dauntless Dismantler|56
Mass Hysteria|56
Elas il-Kor, Sadistic Pilgrim|56
Safehold Elite|56
Field Marshal|56
Mystic Enforcer|56
Sundial of the Infinite|56
Tibalt's Trickery|56
Cabal Therapy|56
Mist-Syndicate Naga|55
Perimeter Captain|55
Enter the Infinite|55
Case of the Filched Falcon|55
Imposing Vantasaur|55
Vivid Meadow|55
Sea-Dasher Octopus|55
Swerve|55
Browbeat|55
Whip of Erebos|55
Recruitment Officer|55
Redcap Melee|55
Deus of Calamity|55
White Sun's Twilight|55
Get Out|55
Harrow|55
Paladin en-Vec|55
Soul Shatter|55
Underground Sea|55
Captured Sunlight|55
Ravenous Chupacabra|55
Nissa's Pilgrimage|54
Prey Upon|54
Champion of Wits|54
Quickling|54
Altanak, the Thrice-Called|54
Haakon, Stromgald Scourge|54
Witness Protection|54
Shrieking Drake|54
Hunted Phantasm|54
Chandra, Hope's Beacon|54
Dash Hopes|54
Ajani, Strength of the Pride|54
Titania, Voice of Gaea|54
Nazgul|53
Zur's Weirding|53
Merfolk Assassin|53
Burning Hands|53
Snap|53
Last Breath|53
Icehide Golem|53
Favorable Winds|53
Skittering Precursor|53
Spark Double|53
Training Grounds|53
Coldsteel Heart|53
Brain in a Jar|53
Leyline of Lifeforce|52
Errant and Giada|52
Triton Shorestalker|52
Thud|52
Lord Skitter, Sewer King|52
Worm Harvest|52
Elderscale Wurm|52
Bloated Contaminator|52
Overlord of the Hauntwoods|52
Shimmer of Possibility|52
Dangerous Wager|52
Outrageous Robbery|52
Nivix Cyclops|52
Sisay, Weatherlight Captain|52
Fevered Visions|52
Lavinia of the Tenth|52
Quarantine Field|52
Bone Shredder|52
Kaito, Dancing Shadow|52
Quandrix Command|52
Angrath, the Flame-Chained|52
Dina, Soul Steeper|52
Seaside Citadel|51
Paladin Class|51
Intruder Alarm|51
Cordial Vampire|51
Misery's Shadow|51
Pollen Lullaby|51
Metalwork Colossus|51
Experimental Augury|51
Tuktuk Scrapper|51
Sidisi's Faithful|51
The Swarmweaver|51
Urborg Lhurgoyf|51
Dennick, Pious Apprentice|51
Titan's Presence|51
Sentinel Totem|51
Sheoldred|51
Rem Karolus, Stalwart Slayer|51
Vicious Rumors|51
Nephalia Drownyard|51
Grim Poppet|51
Bituminous Blast|51
Dosan the Falling Leaf|51
Scoured Barrens|51
Magus of the Candelabra|51
Stasis Snare|51
Castigate|50
Snarling Gorehound|50
Cliffhaven Kitesail|50
Red Elemental Blast|50
Flame Sweep|50
Dragonmaster Outcast|50
Dread Presence|50
Splendid Reclamation|50
Cosima, God of the Voyage|50
Vadrok, Apex of Thunder|50
Brimstone Volley|50
Heart of Kiran|50
Battle Screech|50
Ripjaw Raptor|50
Garruk's Harbinger|50
Raking Canopy|50
Gleeful Sabotage|50
Repulsive Mutation|50
Perilous Research|50
Crystal Grotto|50
Wall of Shards|50
Lost to Legend|50
Wayfarer's Bauble|50
Relic of Legends|50
Ascendant Spirit|50
Prismatic Lens|50
Wrenn and Seven|49
Valgavoth, Terror Eater|49
Act of Aggression|49
Thran Spider|49
Auroral Procession|49
Force of Rage|49
Metropolis Reformer|49
Familiar's Ruse|49
Gene Pollinator|49
Early Frost|49
Riftwing Cloudskate|49
Bloodsoaked Insight|49
Lashwrithe|49
Breaching Hippocamp|49
Sejiri Shelter|48
Youthful Valkyrie|48
Reality Shift|48
The Elderspell|48
Venser, the Sojourner|48
Harnessed Lightning|48
To the Slaughter|48
Froghemoth|48
Joint Exploration|48
Homestead Courage|48
Crippling Fear|48
Wolfwillow Haven|48
Estrid's Invocation|48
Hidden Stockpile|48
Nemesis of Mortals|48
Atraxa's Fall|48
Tropical Island|48
Sol Talisman|48
Lifecrafter's Bestiary|47
Mox Jasper|47
Kaya the Inexorable|47
Goldmire Bridge|47
Skyline Cascade|47
Xenagos, the Reveler|47
Sylvan Ranger|47
Vampire Lacerator|47
Wear Down|47
Lightstall Inquisitor|47
Culling Scales|47
Grim Haruspex|47
Sigarda, Heron's Grace|47
Barkhide Troll|47
Boon of the Wish-Giver|47
Growth-Chamber Guardian|47
Spire Golem|47
Untaidake, the Cloud Keeper|47
Regisaur Alpha|47
Banisher Priest|47
Sky Hussar|47
Shardmage's Rescue|47
Ritual of Soot|47
Zur, Eternal Schemer|46
Justice Strike|46
Lifelink|46
Consulate Crackdown|46
Darkmoss Bridge|46
Fiery Inscription|46
Geralf, the Fleshwright|46
Aetherspouts|46
Elspeth Tirel|46
Drake Haven|46
Narset, Enlightened Master|46
Sylvan Library|46
Steel Seraph|46
Dream Trawler|46
Hobgoblin Bandit Lord|46
Overgrown Farmland|46
Icatian Javelineers|46
Sundown Pass|46
Tragic Trajectory|46
Charming Scoundrel|46
Ruin Processor|46
Stigma Lasher|46
Consecrated Sphinx|46
Hanweir Garrison|46
Graaz, Unstoppable Juggernaut|46
Avenger of Zendikar|46
Caldera Hellion|46
Cranial Ram|45
Enduring Tenacity|45
Urabrask's Forge|45
Bloodfeather Phoenix|45
Overwhelming Splendor|45
Deem Inferior|45
Merfolk of the Pearl Trident|45
Breya's Apprentice|45
Skemfar Avenger|45
Geistwave|45
Agony Warp|45
Azorius Chancery|45
Defend the Rider|45
Turn // Burn|45
Pia's Revolution|45
Twining Twins|45
Mizzix's Mastery|45
Dance of the Manse|45
Stonewood Invocation|45
Taigam's Scheming|45
Treacherous Blessing|45
Dawn's Truce|45
Thornglint Bridge|45
Tempted by the Oriq|45
Leyline of Singularity|45
Vorinclex|45
The Eternal Wanderer|45
Teferi, Master of Time|45
Sire of Insanity|45
Collected Conjuring|45
Pia Nalaar|45
Divine Offering|45
Savage Swipe|45
Gruul Charm|45
Surrak, the Hunt Caller|45
Quintorius Kand|45
Lavabrink Venturer|45
Peak Eruption|45
Sacred Cat|44
History of Benalia|44
Whitemane Lion|44
Essence Channeler|44
Locket of Yesterdays|44
Ram Through|44
Ultima|44
Tarrian's Soulcleaver|44
Inkwell Leviathan|44
Cinderclasm|44
Weatherlight Compleated|44
Kraza, the Swarm as One|44
Rite of Oblivion|44
Knight of Dusk's Shadow|44
Ranger Class|44
Anthem of Champions|44
Machine Over Matter|44
Tragic Arrogance|44
Thermo-Alchemist|44
Wandering Archaic|44
Daxos, Blessed by the Sun|44
Glorious End|44
Faith's Fetters|44
Roaming Throne|44
Watertrap Weaver|44
Purify the Grave|44
Word of Seizing|44
Vivien's Arkbow|44
Guerrilla Tactics|44
Kruphix's Insight|43
Phoenix Chick|43
Mortify|43
Sphere of Annihilation|43
Morselhoarder|43
Rakdos Carnarium|43
Panglacial Wurm|43
Tezzeret, Betrayer of Flesh|43
Etali, Primal Conqueror|43
Decadent Dragon|43
Haze of Pollen|43
Kher Keep|43
Livewire Lash|43
Argentum Armor|43
Tend the Pests|43
Crypt of Agadeem|43
Ghostly Flicker|43
Gisela, the Broken Blade|43
Eye of Nowhere|43
Wall of Denial|43
Expedite|43
Darksteel Relic|43
Itzquinth, Firstborn of Gishath|43
Izzet Boilerworks|43
Leechridden Swamp|43
Wolf-Skull Shaman|43
Diregraf Captain|43
Rite of Consumption|43
Dimir Charm|43
Creeping Trailblazer|43
Ignorant Bliss|43
Dreamroot Cascade|43
Braids, Cabal Minion|43
Guardian of Faith|43
Guttersnipe|43
Implement of Improvement|43
Fanatic of Mogis|43
Adanto Vanguard|42
Fourth Bridge Prowler|42
Sphinx of Foresight|42
Hour of Reckoning|42
Kappa Tech-Wrecker|42
Chromanticore|42
Kabira Takedown|42
Rushed Rebirth|42
Root Maze|42
Karametra's Blessing|42
Furycalm Snarl|42
Yavimaya Iconoclast|42
Firemind's Research|42
Cathodion|42
Hellrider|42
Karn's Bastion|42
Fireblast|42
Lightning Berserker|42
Banishing Knack|42
Mindshrieker|42
Glory-Bound Initiate|41
Nighthawk Scavenger|41
Relentless Assault|41
Consume Spirit|41
Timeless Witness|41
Lazotep Plating|41
Thopter Engineer|41
First Day of Class|41
Dark Depths|41
Edgewall Innkeeper|41
Sorin, Vengeful Bloodlord|41
Realm-Cloaked Giant|41
Inscription of Ruin|41
Carven Caryatid|41
Bloodfell Caves|41
Spawn of Mayhem|41
Crime|41
Garruk's Companion|41
Malcolm, Alluring Scoundrel|41
Bloodline Keeper|40
Lazotep Reaver|40
Sarkhan, the Dragonspeaker|40
Butcher of the Horde|40
Lunarch Veteran|40
Bloodthrone Vampire|40
Samut, Vizier of Naktamun|40
Never // Return|40
Suture Priest|40
Adaptive Automaton|40
Angelic Destiny|40
Demonic Bargain|40
Hearth Elemental|40
Heliod, God of the Sun|40
Faerie Impostor|40
Chainer's Edict|40
Summon: Brynhildr|40
Highland Forest|40
Foreboding Ruins|40
Blazing Shoal|40
Unstable Glyphbridge|40
Chevill, Bane of Monsters|40
Aven Riftwatcher|40
Pay No Heed|40
Stitchwing Skaab|40
Goblin Heelcutter|39
Rottenmouth Viper|39
Restless Spire|39
Conclave Tribunal|39
Yorvo, Lord of Garenbrig|39
Heroes' Reunion|39
Breaking Wave|39
Oketra's Monument|39
Pippin, Guard of the Citadel|39
Cryoclasm|39
Mogg Mob|39
Terrasymbiosis|39
Shatter|39
Cut // Ribbons|39
Voracious Hydra|39
Roaring Furnace // Steaming Sauna|39
Sanctimony|39
Noose Constrictor|39
Meeting of Minds|39
Liliana, Untouched by Death|39
Cryogen Relic|39
Crackdown Construct|39
Tymaret, the Murder King|39
Wily Goblin|39
The Blackstaff of Waterdeep|39
Skinrender|39
Marang River Regent|39
Rude Awakening|38
Wizard's Rockets|38
Cloud, Midgar Mercenary|38
Izzet Guildgate|38
Resentful Revelation|38
Master the Way|38
Fleshbag Marauder|38
The Cruelty of Gix|38
Landslide|38
Conduit of Worlds|38
Heartfire Immolator|38
Sixth Sense|38
Korvold, Fae-Cursed King|38
Whisper of the Dross|38
Mistbreath Elder|38
Precinct Captain|38
Glare of Heresy|38
Lucky Offering|38
Tibalt, Rakish Instigator|38
Meloku the Clouded Mirror|38
Assault Formation|38
Dark Deal|38
Trygon Predator|38
Koth, Fire of Resistance|38
Nantuko Husk|38
Chromium, the Mutable|37
Athreos, God of Passage|37
Corpse Knight|37
Rafiq of the Many|37
Jinxed Idol|37
Corpse Churn|37
Aetherling|37
Bloodchief Ascension|37
Jukai Naturalist|37
Dark Salvation|37
Lazav, the Multifarious|37
Elspeth Conquers Death|37
Mouth of Ronom|37
Prodigious Growth|37
Distorting Lens|37
Windstorm|37
Overwhelming Remorse|37
Hostile Desert|37
Galvanic Bombardment|37
Lord Skitter's Butcher|37
Invasion of the Giants|37
Sphere of Resistance|37
Goblin Cohort|37
Pharika's Libation|37
Molten Slagheap|37
Llanowar Visionary|37
Artificer's Assistant|37
Explosive Vegetation|37
Vessel of Nascency|37
Fiery Cannonade|37
Calamity's Wake|37
Hateful Eidolon|36
Nicol Bolas, God-Pharaoh|36
Grapple with the Past|36
Eight-and-a-Half-Tails|36
Feldon's Cane|36
Kefnet the Mindful|36
Enduring Renewal|36
Oppressive Rays|36
Thran Vigil|36
Eyes of the Wisent|36
Spellshift|36
Fume Spitter|36
Narset's Reversal|36
Kellan, Inquisitive Prodigy|36
Silver-Fur Master|36
Hyrax Tower Scout|36
Telekinetic Sliver|36
Kinjalli's Caller|36
Esper Origins|36
Bedevil|36
Spiteful Sliver|36
Alesha, Who Smiles at Death|36
Quiet Disrepair|36
Jaya Ballard, Task Mage|36
The Spear of Leonidas|36
Tattermunge Maniac|36
Razorkin Needlehead|36
Electrostatic Field|36
Rally the Ranks|35
Viridian Zealot|35
Frenzied Baloth|35
Naban, Dean of Iteration|35
Descendants' Path|35
Virulent Plague|35
Riverchurn Monument|35
Sedraxis Specter|35
Hatching Plans|35
Sudden Spoiling|35
Future Sight|35
Wildest Dreams|35
Master of Death|35
Regal Caracal|35
Mobilized District|35
Obliterate|35
Zof Consumption|35
Chimil, the Inner Sun|35
Burglar Rat|35
Chittering Rats|35
Dissection Tools|35
Aquitect's Will|35
Fountain of Renewal|35
Narset, Enlightened Exile|35
Dragon Sniper|35
Amphibian Downpour|35
Saw It Coming|35
Shrine of Loyal Legions|35
Epochrasite|35
Deep Forest Hermit|35
Wildborn Preserver|35
Quicksand|34
The Huntsman's Redemption|34
Crafty Cutpurse|34
Archon of Sun's Grace|34
Voltage Surge|34
Rising Miasma|34
Temple of Malady|34
Imp's Mischief|34
Revitalize|34
Rakdos Cackler|34
Anim Pakal, Thousandth Moon|34
Tranquil Cove|34
Cabaretti Courtyard|34
Hell's Thunder|34
Kolaghan, the Storm's Fury|34
Foresee|34
Pristine Talisman|34
Professor Onyx|34
Unlicensed Disintegration|34
Metastatic Evangel|34
Umbral Collar Zealot|34
Flame-Blessed Bolt|34
Hokori, Dust Drinker|34
Nesting Grounds|34
Saving Grasp|34
Thief of Sanity|34
Lupine Prototype|34
Underworld Dreams|34
Sidisi, Undead Vizier|34
Jace's Defeat|34
Chandra's Regulator|34
Spinewoods Armadillo|34
Stromkirk Noble|34
You Find a Cursed Idol|34
Spark Rupture|34
Patch Up|34
Curse of the Pierced Heart|34
Ravenous Rats|34
Ill-Timed Explosion|34
Chancellor of the Spires|34
Mech Hangar|34
Mascot Exhibition|34
Beastcaller Savant|34
Jadar, Ghoulcaller of Nephalia|34
Distorted Curiosity|34
Ghitu Encampment|33
Tree of Tales|33
Polluted Dead|33
Out of Time|33
Omen of the Sun|33
Dissolve|33
Realm Razer|33
Arahbo, the First Fang|33
Clout of the Dominus|33
Winds of Qal Sisma|33
Soul Sear|33
Dissipate|33
Temur Battlecrier|33
Spreading Algae|33
Bonesplitter|33
Nikko-Onna|33
Rewind|33
Forsake the Worldly|33
Nowhere to Run|33
Cruel Somnophage|33
Tamiyo, Compleated Sage|33
Wing Shards|33
Imodane's Recruiter|33
Larger Than Life|33
Panoptic Mirror|33
Sram's Expertise|33
Kaalia of the Vast|33
Mishra's Workshop|33
Glassblower's Puzzleknot|33
The Seedcore|33
Kitchen Imp|33
Wind-Scarred Crag|33
Urabrask|33
Preacher of the Schism|33
Shocking Sharpshooter|33
Chalice of Life|33
Venom Sliver|33
Felidar Sovereign|33
Ulamog's Nullifier|33
Molt Tender|33
Tasigur's Cruelty|33
Plargg, Dean of Chaos|33
Ranging Raptors|33
Summon: Bahamut|32
Bard Class|32
Loading Zone|32
Marit Lage's Slumber|32
Demand Answers|32
Forensic Gadgeteer|32
Deathgorge Scavenger|32
Slitherhead|32
Disturbing Mirth|32
Nissa of Shadowed Boughs|32
Ajani Steadfast|32
Echoes of Eternity|32
God-Eternal Kefnet|32
Nimbus Maze|32
Voidmage Prodigy|32
Inspiring Overseer|32
Trepanation Blade|32
Shivan Devastator|32
Sneaky Snacker|32
Ephara, God of the Polis|32
Runescale Stormbrood|32
March of the Machines|32
Topplegeist|32
Fists of Ironwood|32
Implement of Combustion|32
Thirst for Meaning|32
Dubious Challenge|32
Bolt Bend|32
Golgari Signet|32
Grasping Dunes|32
Sphinx's Tutelage|32
Hunted Horror|32
Sly Requisitioner|32
Seal Away|32
Privileged Position|32
Rootborn Defenses|32
Peace of Mind|32
Jinnie Fay, Jetmir's Second|32
Soul Diviner|32
Welcoming Vampire|32
Servant of the Conduit|32
Paradise Druid|32
Alesha, Who Laughs at Fate|32
Thousand-Faced Shadow|32
Magus of the Bazaar|32
Collateral Damage|31
Keldon Megaliths|31
Crib Swap|31
Sunset Saboteur|31
Haunting Echoes|31
Arch of Orazca|31
Azusa's Many Journeys|31
This Town Ain't Big Enough|31
Obyra, Dreaming Duelist|31
Death Baron|31
Phyrexian Vatmother|31
Lore Drakkis|31
Containment Construct|31
Sorin, Grim Nemesis|31
Kiora, the Crashing Wave|31
Nashi, Moon Sage's Scion|31
Golden Egg|31
Slither Blade|31
Alms of the Vein|31
Hanged Executioner|31
Dragonlord Kolaghan|31
Rotten Reunion|31
Lava Axe|31
Kalitas, Bloodchief of Ghet|31
Ouroboroid|31
Brighthearth Banneret|31
Fangren Marauder|31
Mendicant Core, Guidelight|31
Vampire of the Dire Moon|31
Rob the Archives|31
Archaeomancer|31
Curse of Chains|31
Pia Nalaar, Consul of Revival|31
Master of Cruelties|31
Assault // Battery|31
Unstable Mutation|31
Felidar Cub|31
Geyadrone Dihada|31
Unbound Flourishing|31
Mishra's Foundry|31
Tovolar, Dire Overlord|31
Reaper King|31
Fleetfoot Dancer|30
Tower Defense|30
Ruination Rioter|30
Chemister's Insight|30
Rugged Highlands|30
Volcanic Spite|30
Synthesizer Labship|30
Raubahn, Bull of Ala Mhigo|30
Demonic Pact|30
Nylea's Presence|30
Carapace Forger|30
Network Disruptor|30
Thundering Rebuke|30
High Alert|30
Omnath, Locus of Mana|30
Reborn Hope|30
Ascendant Packleader|30
Voidslime|30
Sleep|30
Autumnal Gloom|30
Strangle|30
Predator's Strike|30
Wildfire|30
Dread Fugue|30
Stormkeld Vanguard|30
Chandra, the Firebrand|30
Heliod's Pilgrim|30
Meteor Golem|30
Evangel of Synthesis|30
Bogardan Hellkite|30
Polukranos Reborn|30
Spellbreaker Behemoth|30
Whirler Virtuoso|30
Cram Session|30
Sword of Hearth and Home|30
Glimmer Bairn|30
Emergent Ultimatum|30
Mind Sculpt|30
Flumph|30
Trostani, Selesnya's Voice|30
Tracker's Instincts|30
Kalonian Hydra|30
Torens, Fist of the Angels|30
Pugnacious Hammerskull|30
Blackbloom Rogue|30
Copy Enchantment|30
Roadside Blowout|29
Peer into the Abyss|29
Jungle Hollow|29
Healer's Hawk|29
Jolrael, Mwonvuli Recluse|29
Start // Finish|29
Liliana, Dreadhorde General|29
Waves of Aggression|29
Ancient Cornucopia|29
Unbreakable Formation|29
Manabarbs|29
Siegehorn Ceratops|29
Channel the Suns|29
Lord of the Undead|29
Bartolomé del Presidio|29
Collision // Colossus|29
Tundra|29
Fruit of Tizerus|29
Reason // Believe|29
Lush Oasis|29
Mardu Woe-Reaper|29
Evil Presence|29
Dragonlord Silumgar|29
Sarkhan Vol|29
Crime Novelist|29
Dread Return|29
Boiling Seas|29
Time Wipe|29
Strength of the Harvest|29
Spell Stutter|29
Open the Omenpaths|29
Mental Note|29
Devout Decree|29
Snapping Gnarlid|29
Spark Trooper|29
Nutrient Block|29
Urabrask the Hidden|29
Shred Memory|29
Primal Might|29
Terminal Velocity|29
Bayou|29
Ashaya, Soul of the Wild|29
Lullmage's Domination|29
Mind Sludge|29
Anax, Hardened in the Forge|29
Werefox Bodyguard|29
The Jolly Balloon Man|28
Lord of the Accursed|28
Lore Broker|28
Duskmantle Guildmage|28
Labyrinth of Skophos|28
Eidolon of Countless Battles|28
Avaricious Dragon|28
Research // Development|28
Sovereigns of Lost Alara|28
Lagonna-Band Trailblazer|28
Sword of Forge and Frontier|28
Spiritual Visit|28
Blue Elemental Blast|28
Murder|28
Devouring Sugarmaw|28
Powerbalance|28
Trial of Ambition|28
Oona's Prowler|28
Tribute to the World Tree|28
Baffling End|28
Syphon Life|28
Cephalid Constable|28
Bad Moon|28
Virtue of Knowledge|28
Archway of Innovation|28
Blossoming Sands|28
Tooth of Chiss-Goria|28
Oath of Liliana|28
Wizened Cenn|28
Loxodon Warhammer|28
Prologue to Phyresis|28
Turn Inside Out|28
Glaring Aegis|28
Jace, Memory Adept|28
Cloudgoat Ranger|28
Orzhov Signet|28
Midnight Reaper|28
Urban Evolution|28
Piranha Marsh|28
Greedy Freebooter|28
Sanity Grinding|28
Zo-Zu the Punisher|27
Prey's Vengeance|27
Ember Hauler|27
Vivien, Monsters' Advocate|27
Steam Augury|27
Kishla Skimmer|27
Setessan Tactics|27
Skyclave Shade|27
Lurching Rotbeast|27
Precognition Field|27
Sol Ring|27
Springjack Shepherd|27
Tideshaper Mystic|27
Temple Bell|27
Venser's Journal|27
Knucklebone Witch|27
Selfless Glyphweaver|27
Manic Vandal|27
Staff of Compleation|27
Vraska the Unseen|27
Teferi, Who Slows the Sunset|27
Steel Wall|27
Koma, Cosmos Serpent|27
Game Trail|27
Angel of Jubilation|27
Blood Knight|27
Dragonspark Reactor|27
Unnatural Predation|27
Necrogen Spellbomb|27
Carnage, Crimson Chaos|27
Wrap in Vigor|27
Port Town|27
Unholy Annex // Ritual Chamber|27
Zektar Shrine Expedition|27
Mindlock Orb|27
Act of Treason|27
Apostle of Purifying Light|27
Ratadrabik of Urborg|27
Phytoburst|27
Volatile Fjord|27
Proft's Eidetic Memory|27
Mox Diamond|27
Rite of Harmony|27
Rekindling Phoenix|27
Sungold Sentinel|27
Professor of Symbology|27
City of Traitors|27
Promise of Bunrei|27
Concealing Curtains|27
Sylvok Lifestaff|27
Pyromancer's Goggles|27
Transmogrant's Crown|27
Goldmeadow Stalwart|26
Peppersmoke|26
Bazaar of Baghdad|26
Jarad's Orders|26
Bonehoard Dracosaur|26
Display of Dominance|26
Creative Outburst|26
Mardu Charm|26
Kargan Dragonlord|26
Kozilek's Channeler|26
Beanstalk Wurm|26
Frolicking Familiar|26
Tamiyo's Journal|26
Commence the Endgame|26
Elspeth's Smite|26
Bag of Holding|26
Wickerbough Elder|26
Fight Rigging|26
Rebuff the Wicked|26
Reckless Stormseeker|26
Blink of an Eye|26
Vraska's Contempt|26
Helix Pinnacle|26
Karakas|26
Sundering Vitae|26
Spiteful Banditry|26
Tangled Colony|26
Faerie Fencing|26
Beanstalk Giant|26
Egon, God of Death|26
Bloodletter of Aclazotz|26
Leaf-Crowned Elder|26
Arc Lightning|26
Teferi's Time Twist|26
Faerie Dreamthief|26
Cragplate Baloth|26
Vizier of the Menagerie|26
Sakashima the Impostor|26
Typhoid Rats|26
Shattered Sanctum|26
Render Silent|26
Arlinn, the Pack's Hope|26
Legion Lieutenant|26
Eyetwitch|26
Chainsaw|26
Weaver of Harmony|26
Tempest Djinn|26
Starfield of Nyx|26
Disruptive Stormbrood|25
Thopter Spy Network|25
Crumbling Necropolis|25
Squee, the Immortal|25
Scorching Shot|25
Regrowth|25
Sarulf, Realm Eater|25
Annex|25
Nezumi Shortfang|25
Go for Blood|25
Diabolic Edict|25
Heroic Reinforcements|25
Death Cultist|25
Scourge of Valkas|25
Stuffy Doll|25
Goldhound|25
Mina and Denn, Wildborn|25
Combustible Gearhulk|25
Priest of Urabrask|25
Unexpected Windfall|25
Mirrorweave|25
Kefnet's Last Word|25
Show and Tell|25
Temur Ascendancy|25
Wall of Reverence|25
Empty the Pits|25
Jodah, the Unifier|25
Leonin Skyhunter|25
Caravan Vigil|25
Deathcap Glade|25
Warleader's Call|25
Demonic Junker|25
Kiora's Dismissal|25
Angel of the Ruins|25
Sensei's Divining Top|25
Release to the Wind|25
Sheltering Ancient|25
Sigarda, Font of Blessings|25
Greenwheel Liberator|25
Plague Myr|25
Lone Rider|25
Silverquill Silencer|24
Oketra's Last Mercy|24
Oath of Chandra|24
Discontinuity|24
Wild Pair|24
Scavenger Regent|24
Dauntless Dourbark|24
Skemfar Shadowsage|24
Sandsteppe Citadel|24
Feline Sovereign|24
Path to the World Tree|24
Azorius Herald|24
Kessig Naturalist|24
Staff of Nin|24
Spectral Flight|24
Jace, Unraveler of Secrets|24
The Binding of the Titans|24
Appetite for Brains|24
Springjack Pasture|24
Circle of Dreams Druid|24
Naya Charm|24
Paraselene|24
Glimpse of Nature|24
Dark Ritual|24
Engineered Plague|24
Swooping Lookout|24
General's Enforcer|24
Lucky Clover|24
Price of Progress|24
Niambi, Esteemed Speaker|24
Savage Lands|24
Moonshaker Cavalry|24
Artful Dodge|24
Trapjaw Tyrant|24
Magmatic Chasm|24
Trace of Abundance|24
Cease // Desist|24
Arena|24
Akroan Crusader|24
Omnath, Locus of All|24
Dispeller's Capsule|24
Merciless Executioner|24
Flourishing Fox|24
Druid's Deliverance|24
Ajani, Adversary of Tyrants|24
Mogg Conscripts|24
Ajani, Sleeper Agent|24
Ravenous Baloth|24
Primal Surge|24
Sab-Sunen, Luxa Embodied|24
Vivid Marsh|24
Cabal Initiate|24
Teyo, the Shieldmage|24
Seal of Doom|24
Brilliant Ultimatum|24
Traitorous Blood|24
Ayula's Influence|24
Mimic Vat|24
Teshar, Ancestor's Apostle|24
Bloodhall Ooze|24
Ephemeral Shields|24
Kumena, Tyrant of Orazca|24
Ajani's Welcome|24
Wall of Runes|24
Seasons Past|24
Tangle Wire|24
Mila, Crafty Companion|23
Perennial Behemoth|23
Ayli, Eternal Pilgrim|23
Thrash // Threat|23
Yera and Oski, Weaver and Guide|23
Rust Harvester|23
Stromkirk Captain|23
Swarm Shambler|23
Marwyn, the Nurturer|23
Starfield Vocalist|23
Fist of Suns|23
Phyrexian Rager|23
Traumatize|23
Blizzard Brawl|23
Hunger of the Howlpack|23
Fungal Reaches|23
Immerwolf|23
Cosmogrand Zenith|23
Verdurous Gearhulk|23
Dragon Tempest|23
Talara's Battalion|23
Sprout Swarm|23
Drawn from Dreams|23
Arachne, Psionic Weaver|23
Rishkar, Peema Renegade|23
Stromgald Crusader|23
Lay Claim|23
Obscura Storefront|23
Taiga|23
Flicker of Fate|23
Grasp of Darkness|23
Burning Vengeance|23
Guardian Idol|23
Inquisitive Puppet|23
Royal Assassin|23
Careful Consideration|23
Aggressive Mining|23
Planar Bridge|23
Council's Deliberation|23
Doc Ock's Tentacles|23
Ivy Lane Denizen|23
Vivid Grove|23
Rebel Salvo|23
Matoya, Archon Elder|23
Geistlight Snare|23
Quakebringer|23
Reverse Engineer|23
Glaring Spotlight|23
Garruk, Caller of Beasts|23
Zephyr Sprite|23
Heirloom Mirror|23
Huskburster Swarm|23
Make Disappear|23
Thornwood Falls|23
Awaken the Woods|23
Leyline of Hope|23
Zoetic Cavern|23
Yavimaya Dryad|23
Pitiless Horde|23
Frost Titan|22
Life and Limb|22
Fleetwheel Cruiser|22
Howltooth Hollow|22
Cosmos Elixir|22
Ravenform|22
Adeliz, the Cinder Wind|22
Uktabi Drake|22
Sacred Mesa|22
Martial Coup|22
Usher of the Fallen|22
Rhox Faithmender|22
Overwhelming Stampede|22
Kaya's Ghostform|22
Suffer the Past|22
Collector's Vault|22
Knockout Blow|22
Master Biomancer|22
Jorubai Murk Lurker|22
Gavony Dawnguard|22
Domri, Chaos Bringer|22
Krark-Clan Shaman|22
Urborg|22
Stolen Uniform|22
Wolfbriar Elemental|22
Court Homunculus|22
Trostani's Summoner|22
Arctic Treeline|22
Austere Command|22
Plumeveil|22
Overprotect|22
Prohibit|22
Exemplar of Light|22
Nissa, Ascended Animist|22
Captivating Vampire|22
Guul Draz Vampire|22
Improbable Alliance|22
Duplicant|22
Alrund's Epiphany|22
Mox Pearl|22
Upriser Renegade|22
Dream Salvage|22
Life's Legacy|22
Iron Apprentice|22
Adorned Pouncer|22
Johann's Stopgap|22
Shrivel|22
Syr Faren, the Hengehammer|22
Abraded Bluffs|22
Marsh Casualties|22
Ixalan's Binding|22
The Last Ride|22
Virulent Wound|22
Rat Colony|22
Bloom Tender|22
Valiant Rescuer|22
Eroded Canyon|22
The Ancient One|22
Secret Identity|22
Corpse Cur|22
Sublime Archangel|22
Encroaching Wastes|22
Lesser Masticore|22
Agonizing Remorse|22
Combat Thresher|22
Defiant Strike|22
Ghalta and Mavren|22
Bonescythe Sliver|22
Timeline Culler|22
Kaalia, Zenith Seeker|22
Evolved Sleeper|21
Quest for the Goblin Lord|21
Massive Might|21
Advent of the Wurm|21
Elvish Pioneer|21
Necrogen Mists|21
Traveling Chocobo|21
Sands of Delirium|21
Jorn, God of Winter|21
Scute Swarm|21
Aloe Alchemist|21
Overwhelming Denial|21
Scampering Scorcher|21
Ridge Rannet|21
Incendiary Flow|21
Telemin Performance|21
Ancient Amphitheater|21
Triskelion|21
Stump Stomp|21
Elesh Norn|21
Exuberant Fuseling|21
Sulfur Vent|21
Aurelia's Fury|21
Nezumi Graverobber|21
Tormod's Cryptkeeper|21
Congregation at Dawn|21
Mystic Monastery|21
Shared Summons|21
Ogre Battledriver|21
Scattershot Archer|21
Edgar, Charmed Groom|21
Field Trip|21
Chandra, Fire of Kaladesh|21
Howlpack Piper|21
Tergrid, God of Fright|21
Elvish Piper|21
Rimrock Knight|21
Vulshok Refugee|21
Dream Twist|21
Incubation Druid|21
Syncopate|21
Katilda, Dawnhart Martyr|21
Ohran Viper|21
Warrant // Warden|21
Genesis Ultimatum|21
Leonin Vanguard|21
Wild Growth|21
Hunted Witness|21
Windborn Muse|21
Kor Sanctifiers|21
Deeproot Waters|21
Cloudsteel Kirin|21
Jadelight Ranger|21
Wretched Gryff|21
Thran Temporal Gateway|21
Favored Hoplite|21
Quagmire|21
Angel of Sanctions|21
Goblin Sledder|21
Kuldotha Forgemaster|21
Bearer of Silence|21
Remove Soul|21
Thought Hemorrhage|21
Bassara Tower Archer|21
Clever Impersonator|21
Heron's Grace Champion|21
Bitter Ordeal|21
Kasmina, Enigma Sage|21
Grafted Wargear|21
Bojuka Brigand|21
Thunderbolt|21
Tendrils of Corruption|21
Voyager Staff|21
Kargan Intimidator|21
Courier's Briefcase|21
Transmogrifying Wand|21
Deliberate|21
Surestrike Trident|21
Ruinous Path|21
Legion Angel|20
Crovax, Ascendant Hero|20
No One Left Behind|20
Argoth, Sanctum of Nature|20
Blessing of the Nephilim|20
Satyr Hoplite|20
Distress|20
Vault of Whispers|20
Coat of Arms|20
Zenith Flare|20
Bloodthirsty Adversary|20
Nissa's Chosen|20
Blot Out|20
King of the Pride|20
Calix, Destiny's Hand|20
Contagion Clasp|20
Knight of Glory|20
Show of Confidence|20
Barrin, Tolarian Archmage|20
Rot Wolf|20
Heartbeat of Spring|20
Prophetic Flamespeaker|20
Dwynen, Gilt-Leaf Daen|20
Mindcrank|20
Ardyn, the Usurper|20
Crabomination|20
Indulgent Aristocrat|20
Moment of Truth|20
Overrun|20
Infectious Bite|20
Kudo, King Among Bears|20
Crippling Chill|20
Storage Matrix|20
Concerted Defense|20
Nihilith|20
Lightning Elemental|20
Escape Tunnel|20
Sneak Attack|20
Akroma's Memorial|20
Horobi, Death's Wail|20
Wren's Run Packmaster|20
Ral Zarek|20
Mirror Image|20
Mindsparker|20
Shadowborn Apostle|20
Adventurer's Inn|20
Zoyowa Lava-Tongue|20
Villainous Wealth|20
Inquisition|20
Serum Snare|20
Butcher Ghoul|20
Hired Claw|20
Devout Chaplain|20
A-Teferi, Time Raveler|20
Glare of Subdual|20
Mogis, God of Slaughter|20
Emberheart Challenger|20
Pride of the Clouds|20
Savannah|20
Cremate|20
Drannith Healer|20
Muerra, Trash Tactician|20
Carnival // Carnage|20
Roiling Dragonstorm|20
Omen Machine|20
Dowsing Device|20
Roiling Terrain|20
Sublime Epiphany|20
Stonybrook Banneret|20
Vision Skeins|20
Kaya's Wrath|20
Maestros Charm|20
Early Harvest|20
Teysa, Orzhov Scion|20
Liliana Vess|20
Spirit Bonds|20
Dawnhart Wardens|20
Appeal // Authority|20
Choked Estuary|20
Moonsilver Key|20
Revenge of the Hunted|20
Minister of Inquiries|20
Drannith Stinger|20
Diamond Weapon|20
Wash Away|20
Flay Essence|20
The Modern Age|20
Stromkirk Condemned|20
Skinshifter|20
The Eldest Reborn|20
Mu Yanling, Sky Dancer|20
Verix Bladewing|20
Imposing Sovereign|20
Bazaar Trademage|20
Take Inventory|20
Mirkwood Bats|20
Arguel's Blood Fast|20
Cleric of Life's Bond|20
Kathari Remnant|20
Abundant Maw|20
Webstrike Elite|19
Glimpse the Cosmos|19
Mind Rake|19
The World Tree|19
Eldrazi Monument|19
Mox Emerald|19
Mogg Raider|19
Goblin Assault|19
Nezahal, Primal Tide|19
Frost Augur|19
Zephyr Sentinel|19
Mark of Mutiny|19
Primal Bellow|19
Echoing Return|19
Deathmist Raptor|19
Confounding Riddle|19
Grave Pact|19
Kessig Flamebreather|19
Jötun Grunt|19
Twincast|19
Krenko, Tin Street Kingpin|19
Cursed Mirror|19
Karrthus, Tyrant of Jund|19
Call of the Conclave|19
Sacred Fire|19
Lindblum, Industrial Regency|19
Gandalf's Sanction|19
Garza's Assassin|19
Piper of the Swarm|19
The Infamous Cruelclaw|19
Crypt Rats|19
Firebrand Archer|19
Unmake|19
Titania's Command|19
Mox Jet|19
Gaea's Herald|19
Sanguine Statuette|19
Cathedral Sanctifier|19
Warleader's Helix|19
Sarkhan Unbroken|19
Kor Bladewhirl|19
Parcelbeast|19
Mad Auntie|19
Spontaneous Mutation|19
Volcano Hellion|19
Reduce to Memory|19
Reckless Lackey|19
Dimir House Guard|19
Panharmonicon|19
Assemble the Players|19
Blazing Volley|19
Dragon's Fire|19
Night Clubber|19
Cryptic Caves|19
Briber's Purse|19
Neurok Commando|19
Jet Medallion|19
Etched Oracle|19
Torch Breath|19
String of Disappearances|19
Yarok, the Desecrated|19
Heartflame Duelist|19
Bloodtithe Collector|19
Longtusk Cub|19
Ulvenwald Oddity|19
Saproling Migration|19
Nissa's Renewal|19
Grabby Giant|19
Didn't Say Please|19
Vine Trellis|19
Sosuke's Summons|19
Scavenger's Talent|19
Necrogoyf|19
Thunderous Debut|19
Black Lotus|19
Havengul Lich|18
Dust to Dust|18
Parker Luck|18
Turn Aside|18
Stifle|18
Fury Charm|18
Arcbound Javelineer|18
Repel the Abominable|18
Seshiro the Anointed|18
You See a Guard Approach|18
Arashi, the Sky Asunder|18
Unbridled Growth|18
The Stasis Coffin|18
Deploy the Gatewatch|18
Idol of False Gods|18
Linvala, Shield of Sea Gate|18
Rakdos Headliner|18
Sage of Epityr|18
Moderation|18
Knight of the Holy Nimbus|18
Leonin Warleader|18
Segovian Angel|18
Demon of Death's Gate|18
The World Spell|18
Reclaiming Vines|18
Madcap Skills|18
Reanimate|18
Mistblade Shinobi|18
Wicked Wolf|18
Mother of Runes|18
Goblin Gaveleer|18
Mox Sapphire|18
Avoid Fate|18
Invasion of Kaldheim|18
Planar Disruption|18
Blossoming Tortoise|18
Lavabelly Sliver|18
Angel of Despair|18
Spinner of Souls|18
It That Betrays|18
Bedeck // Bedazzle|18
Doomwake Giant|18
Dorothea, Vengeful Victim|18
Rona's Vortex|18
Jace's Ingenuity|18
Loran's Escape|18
Flunk|18
Vinelasher Kudzu|18
Nantuko Shade|18
Otepec Huntmaster|18
Watchwolf|18
Kona, Rescue Beastie|18
Bind the Monster|18
Drill Bit|18
Nova Hellkite|18
Smoldering Egg|18
Restless Reef|18
Sunpearl Kirin|18
Cruel Reality|18
Detritivore|18
Double Negative|18
Debt to the Kami|18
Titans' Nest|18
Gisa, the Hellraiser|18
Valiant Veteran|18
Blazing Archon|18
Howlsquad Heavy|18
Bronzehide Lion|18
Intimidation Tactics|18
Ulamog's Crusher|18
Mind Bend|18
Malcator, Purity Overseer|18
Nazgûl|18
Simic Sky Swallower|18
Sen Triplets|18
Haunted Mire|18
Thalia and The Gitrog Monster|18
Regal Bunnicorn|18
Edge Rover|18
Hidetsugu's Second Rite|18
Command Tower|18
Raise the Past|18
Deadly Allure|18
Spectacular Spider-Man|18
Shigeki, Jukai Visionary|18
Nightveil Predator|18
Elvish Harbinger|17
Nissa Revane|17
Sarkhan the Masterless|17
Etherium Pteramander|17
Reki, the History of Kamigawa|17
Arid Archway|17
Cold-Eyed Selkie|17
Behemoth Sledge|17
Skarrg, the Rage Pits|17
Environmental Sciences|17
Uba Mask|17
Hobgoblin, Mantled Marauder|17
Warlock Class|17
Mindslicer|17
Inner-Flame Acolyte|17
The Necrobloom|17
Silent Hallcreeper|17
Rhys the Redeemed|17
Voltaic Servant|17
Stream of Thought|17
Calciderm|17
Ghastly Demise|17
Chain of Vapor|17
Sinister Sabotage|17
Corrosive Gale|17
Hare Apparent|17
Pick the Brain|17
Arcane Sanctum|17
Dihada's Ploy|17
Twinferno|17
Hindering Light|17
Contingency Plan|17
Dire-Strain Rampage|17
Ghostfire|17
Vector Asp|17
Prismatic Strands|17
Spawning Breath|17
Lasyd Prowler|17
Vizkopa Guildmage|17
Wort, Boggart Auntie|17
Dregscape Zombie|17
Sheoldred, Whispering One|17
Molten Gatekeeper|17
Ethereal Usher|17
The Birth of Meletis|17
Oath of Jace|17
Lose Hope|17
Cleric Class|17
Elspeth Resplendent|17
Boros Signet|17
Scorching Dragonfire|17
Renegade Map|17
Prophet of Distortion|17
Braid of Fire|17
Eater of Days|17
Scrawling Crawler|17
Whiplash Trap|17
Magus of the Disk|17
Oath of Gideon|17
Liliana of the Dark Realms|17
Aether Snap|17
Fateful Showdown|17
Hellkite Tyrant|17
Unholy Annex|17
Boiling Earth|17
Leonin Abunas|17
Prowess of the Fair|17
Grim Bauble|17
Llanowar Augur|17
Guardian Seraph|17
Stormsplitter|17
Aspirant's Ascent|17
Baleful Strix|17
Precursor Golem|17
Channeler Initiate|17
Shambling Shell|17
Crystallization|17
Dagger Caster|17
Unnatural Restoration|17
Black Knight|17
Inquisitor Exarch|17
Sparksmith|16
Lier, Disciple of the Drowned|16
Char|16
Forbidden Friendship|16
Crux of Fate|16
White Knight|16
Dawn of Hope|16
Tyvar Kell|16
Secret Salvage|16
Khalni Hydra|16
Voices from the Void|16
Elemental Masterpiece|16
Gaea's Cradle|16
Phial of Galadriel|16
Crop Rotation|16
Magmaquake|16
Knight of New Alara|16
Recruit the Worthy|16
Drana, Liberator of Malakir|16
Cryptic Serpent|16
Planar Cleansing|16
Crack Open|16
Horribly Awry|16
Ichorid|16
Tezzeret the Schemer|16
Oversoul of Dusk|16
Yosei, the Morning Star|16
Eaten by Piranhas|16
The Elder Dragon War|16
Thermokarst|16
Daybreak Ranger|16
Jade Avenger|16
Duskmantle Seer|16
Fear of Exposure|16
Disperse|16
Cartouche of Knowledge|16
Grab the Prize|16
The Celestus|16
Dusk Legion Zealot|16
Gwenna, Eyes of Gaea|16
Volcanic Salvo|16
Frontier Bivouac|16
Minister of Pain|16
Nezumi Prowler|16
Leave // Chance|16
Viridescent Wisps|16
Pinnacle Starcage|16
Graf Reaver|16
Hymn to Tourach|16
Plaxmanta|16
Hinata, Dawn-Crowned|16
Gaea's Will|16
Circle of Protection: Blue|16
Crater's Claws|16
Durkwood Baloth|16
Null Profusion|16
Combat Research|16
Jhessian Zombies|16
Graveshifter|16
Crushing Canopy|16
Lazav, Wearer of Faces|16
Scythe Leopard|16
Cemetery Reaper|16
Intrepid Adversary|16
Slaughterhorn|16
Forbidding Watchtower|16
Odric, Lunarch Marshal|16
Chrome Courier|16
Myr Moonvessel|16
Dragon's Hoard|16
Katilda, Dawnhart Prime|16
Exploration|16
Merfolk Windrobber|16
The Aetherspark|16
Polymorphist's Jest|16
Tumble Magnet|16
Extract a Confession|16
Depopulate|16
The Book of Exalted Deeds|16
Tribute to Horobi|16
Sever the Bloodline|16
Cancel|16
Jaspera Sentinel|16
Voldaren Thrillseeker|16
Nature's Way|16
Cloudform|16
Thirst for Discovery|16
Incandescent Aria|16
Bayou Groff|16
March of the Multitudes|16
Biomancer's Familiar|16
Ondu Inversion|16
Kalastria Healer|16
Rubblebelt Maaka|16
Stormfist Crusader|16
Woodland Chasm|16
Lion Umbra|16
Spiteful Hexmage|16
Relentless Rats|16
Riptide Chimera|16
Fireslinger|15
Rolling Spoil|15
Noxious Gearhulk|15
Urborg Scavengers|15
The Pride of Hull Clade|15
Call the Scions|15
Firedrinker Satyr|15
Volcanic Hammer|15
Seal from Existence|15
Warkite Marauder|15
Wall of Tanglecord|15
Null Rod|15
Fynn, the Fangbearer|15
Kederekt Parasite|15
Godo, Bandit Warlord|15
Orchard Strider|15
Destructive Force|15
Norn's Annex|15
Heartwood Storyteller|15
Shadow-Rite Priest|15
Black Vise|15
Mechanized Production|15
Annoyed Altisaur|15
Riverwise Augur|15
Baithook Angler|15
Invigorated Rampage|15
The Capitoline Triad|15
Hydroform|15
Master Transmuter|15
Reckless Waif|15
Kessig Prowler|15
Well of Lost Dreams|15
Mox Ruby|15
Gelectrode|15
In Search of Greatness|15
Brainspoil|15
Rings of Brighthearth|15
Viridian Emissary|15
Spectral Adversary|15
Ashiok's Erasure|15
Smeagol, Helpful Guide|15
Scrounging Skyray|15
Duelist of the Mind|15
Bonecache Overseer|15
Ollenbock Escort|15
Seht's Tiger|15
Containment Breach|15
Shadowmage Infiltrator|15
The Balrog, Durin's Bane|15
Blighted Woodland|15
Frost Bite|15
Mikaeus, the Unhallowed|15
Hulking Raptor|15
Glacial Revelation|15
Vanish into Eternity|15
Skyserpent Seeker|15
Supernatural Stamina|15
Nahiri's Wrath|15
Fanged Flames|15
Two-Headed Sliver|15
Sunder the Gateway|15
Bond of Flourishing|15
Radha, Heir to Keld|15
Lapse of Certainty|15
Gleaming Geardrake|15
Moonmist|15
Frostboil Snarl|15
Drownyard Temple|15
Endure|15
Exotic Orchard|15
Hypnotic Specter|15
Boneyard Wurm|15
Barricade Breaker|15
Glint-Sleeve Siphoner|15
Frilled Mystic|15
Perilous Myr|15
Shadow Guildmage|15
The Witch's Vanity|15
Primordial Hydra|15
Fade Away|15
Ugin's Nexus|15
Sylvok Replica|15
Keening Apparition|15
Wedding Invitation|15
Circle of Protection: Green|15
Shiko, Paragon of the Way|15
Relic Robber|15
Spellheart Chimera|15
Brash Taunter|15
Willowrush Verge|15
Scatter the Seeds|15
Hunter's Insight|15
Consuming Vapors|15
Epic Downfall|15
The Mycotyrant|15
Archetype of Endurance|15
Garruk, Cursed Huntsman|15
Abstruse Appropriation|15
Raze|15
Tarrian's Journal|15
Nest of Scarabs|15
Jace, the Living Guildpact|15
High Priest of Penance|15
Riveteers Ascendancy|15
Crested Sunmare|15
Skarrgan Pit-Skulk|15
World Map|15
Peter Parker's Camera|15
Rhys the Exiled|15
Faeburrow Elder|15
Polluted Mire|15
Evershrike|15
Elspeth's Nightmare|15
Malicious Eclipse|15
Chrome Host Seedshark|15
Canopy Cover|15
Safe Passage|15
Satyr Enchanter|15
Holdout Settlement|15
Inspiring Statuary|15
Spark Harvest|15
Malakir Bloodwitch|15
Smell Fear|15
True Believer|15
Corrupted Resolve|15
Deadly Brew|15
Decisive Denial|14
Circle of Protection: Black|14
Bloodrage Brawler|14
Bone Splinters|14
Exquisite Blood|14
Brokers Hideout|14
Solar Blaze|14
Bonny Pall, Clearcutter|14
Lignify|14
Woodcaller Automaton|14
Alchemist's Vial|14
Rustic Clachan|14
Empyrial Archangel|14
Targ Nar, Demon-Fang Gnoll|14
Ghirapur Orrery|14
Basri Ket|14
Muscle Sliver|14
Proteus Staff|14
Chandra, Spark Hunter|14
Wake Thrasher|14
Knight of Infamy|14
Voldaren Estate|14
Phyrexian Soulgorger|14
Warriors' Lesson|14
Triton Tactics|14
All-Fates Stalker|14
Ingenious Prodigy|14
Saltcrusted Steppe|14
Mimeofacture|14
Spinerock Knoll|14
Norin, Swift Survivalist|14
Lady Octopus, Inspired Inventor|14
Fell Stinger|14
Aven Mimeomancer|14
Catch // Release|14
Crystalline Giant|14
Utopia Mycon|14
The Phasing of Zhalfir|14
Drannith Ruins|14
Citywide Bust|14
Bladestitched Skaab|14
Insatiable Hemophage|14
Mirko Vosk, Mind Drinker|14
Raging Goblin|14
Temporal Isolation|14
Myr Galvanizer|14
Foundry Inspector|14
Rowan, Scholar of Sparks|14
Stadium Headliner|14
Scout for Survivors|14
Retreat to Kazandu|14
Rolling Thunder|14
Marauding Brinefang|14
Stern Lesson|14
Siege Veteran|14
Price of Betrayal|14
Invoke the Firemind|14
Cam and Farrik, Havoc Duo|14
Vindictive Flamestoker|14
Trade Routes|14
Kogla, the Titan Ape|14
Humble Defector|14
Garruk, Unleashed|14
Lithobraking|14
Maul Splicer|14
Mana Crypt|14
Sam's Desperate Rescue|14
Grave Strength|14
Lethal Throwdown|14
Ammit Eternal|14
Baral and Kari Zev|14
Tree of Perdition|14
Gilt-Leaf Archdruid|14
Hurricane|14
Thirsting Roots|14
Slumbering Dragon|14
Immolating Souleater|14
Bladewing the Risen|14
Urza's Incubator|14
Zhur-Taa Goblin|14
Pride Sovereign|14
River Serpent|14
Seam Rip|14
Spear of Heliod|14
Elvish Promenade|14
Nightveil Specter|14
Compelling Argument|14
Nashi, Searcher in the Dark|14
Herald of Kozilek|14
Case of the Uneaten Feast|14
Deft Duelist|14
Colfenor's Plans|14
Leyline of Lightning|14
Vohar, Vodalian Desecrator|14
Blighted Fen|14
Fall of the Thran|14
Gruul Guildgate|14
Essence Capture|14
Boom Box|14
Ground Assault|14
Vorinclex, Monstrous Raider|14
Munda, Ambush Leader|14
Muldrotha, the Gravetide|14
Season of the Burrow|14
Jackal Familiar|14
Halana and Alena, Partners|14
Shimmering Wings|14
Avacyn, Angel of Hope|14
Slaughter the Strong|14
Samut's Sprint|14
Tourach's Canticle|14
Reaper of the Wilds|14
Sylvan Advocate|14
Simian Simulacrum|13
Hanweir Militia Captain|13
Tinybones, Bauble Burglar|13
Splinter|13
Specter's Shriek|13
Diabolic Tutor|13
Jori En, Ruin Diver|13
Grimoire Thief|13
Thallid|13
Grim Monolith|13
Urza's Tome|13
Manifold Mouse|13
Demonic Ruckus|13
Scrubland|13
Eomer, Marshal of Rohan|13
Ice Out|13
Seismic Spike|13
Barad-dur|13
Submerge|13
Cruelclaw's Heist|13
Final Showdown|13
Vapor Snare|13
Unchained Berserker|13
Kraken Hatchling|13
Brave the Wilds|13
Ongoing Investigation|13
Opportunistic Dragon|13
Nylea, Keen-Eyed|13
Accorder Paladin|13
PuPu UFO|13
Flame-Kin Zealot|13
The Millennium Calendar|13
Flaring Pain|13
Evacuation|13
Bristling Hydra|13
Halo Fountain|13
Grove of the Guardian|13
Cryptolith Rite|13
Mogis's Favor|13
Silver Raven|13
Solve the Equation|13
Necroskitter|13
Drag the Canal|13
Kaervek, the Spiteful|13
Annihilating Glare|13
Bruna, the Fading Light|13
Herd Heirloom|13
Brackish Blunder|13
Ob Nixilis, the Fallen|13
Shefet Monitor|13
Venerable Warsinger|13
Rishadan Port|13
Sylvan Primordial|13
Unleash Fury|13
Realms Uncharted|13
Pitiless Plunderer|13
Fangkeeper's Familiar|13
Staggershock|13
Call of the Herd|13
Somber Hoverguard|13
Topiary Stomper|13
Ayara, First of Locthwain|13
Mox Tantalite|13
Breath Weapon|13
Arcus Acolyte|13
Vile Entomber|13
Evincar's Justice|13
Reclaim|13
Titanic Growth|13
Midnight Oil|13
Dawn of a New Age|13
Sentinel of the Nameless City|13
Final Parting|13
Greenwarden of Murasa|13
Consul's Lieutenant|13
Shredded Sails|13
Haze of Rage|13
Splinterfright|13
Mindlink Mech|13
Bident of Thassa|13
Nullpriest of Oblivion|13
Restless Ridgeline|13
Reckoner's Bargain|13
Response // Resurgence|13
Pest Summoning|13
Nahiri, Heir of the Ancients|13
Foul-Tongue Invocation|13
Soul's Fire|13
Blood Pact|13
Sylvok Explorer|13
Akroma, Angel of Wrath|13
Engineered Might|13
Virulent Swipe|13
Providence|13
Liliana, Death's Majesty|13
Blowfly Infestation|13
Wreath of Geists|13
Fresh Meat|13
Dramatic Reversal|13
Mindswipe|13
Exclude|13
Sulfuric Vortex|13
Badlands|13
Eater of Virtue|13
Shrine of Piercing Vision|13
Phantom Interference|13
Dual Strike|13
City on Fire|13
Angel of Invention|13
Foundry of the Consuls|13
Harbin, Vanguard Aviator|13
Tatyova, Benthic Druid|13
Nova Chaser|13
Valentin, Dean of the Vein|13
Avenging Hunter|13
Seedship Impact|13
Dollhouse of Horrors|13
Voldaren Bloodcaster|13
Phyrexian Censor|13
Demonic Tutor|13
Saiba Cryptomancer|13
Herald of the Pantheon|13
Narset of the Ancient Way|12
Triclopean Sight|12
Gruesome Encore|12
Mwonvuli Beast Tracker|12
Savage Alliance|12
Plundering Barbarian|12
Lyev Skyknight|12
Combat Celebrant|12
Last Word|12
Dig Up|12
Shanna, Sisay's Legacy|12
Ashes of the Abhorrent|12
Metamorphosis|12
Blanchwood Prowler|12
Accumulated Knowledge|12
Elite Guardmage|12
Tolarian Academy|12
Kellan, the Fae-Blooded|12
From Beyond|12
Journey to Eternity|12
Rustwing Falcon|12
Last March of the Ents|12
Tavern Scoundrel|12
Samurai of the Pale Curtain|12
Watcher of the Spheres|12
Ornitharch|12
Pawn of Ulamog|12
Ayula, Queen Among Bears|12
Meteor Swarm|12
Wildfire Wickerfolk|12
Doomfall|12
Seize the Spoils|12
Skirsdag High Priest|12
Lembas|12
Grim Harvest|12
Bloodsky Berserker|12
Distant Memories|12
Storm Entity|12
Vampire Socialite|12
Jace, Cunning Castaway|12
Vernal Bloom|12
Gelid Shackles|12
Strip Mine|12
Jace's Erasure|12
Doomsday|12
Bastion Inventor|12
Giantcraft Helm|12
Elite Vanguard|12
Angel of Finality|12
Feather, the Redeemed|12
Sentinel of the Pearl Trident|12
Increasing Ambition|12
Rally the Monastery|12
Inferno of the Star Mounts|12
Gainsay|12
New Benalia|12
Goblin Tomb Raider|12
Biting-Palm Ninja|12
Armored Scrapgorger|12
Rites of Flourishing|12
Jace's Archivist|12
Quandrix Apprentice|12
Orzhov Guildgate|12
Scroll of Avacyn|12
Sporesower Thallid|12
Glitterfang|12
Psychotrope Thallid|12
Violent Impact|12
Rhonas's Last Stand|12
Ashenmoor Cohort|12
Concentrate|12
Kolaghan Warmonger|12
Brion Stoutarm|12
Undead Warchief|12
A-Orcish Bowmasters|12
Exhume|12
Guardian of Ghirapur|12
Zareth San, the Trickster|12
Staunch Crewmate|12
Bygone Bishop|12
Pharika's Cure|12
Ancestral Recall|12
Leveler|12
Goblin Maskmaker|12
Creakwood Liege|12
Demonfire|12
Aether Revolt|12
Inventor's Axe|12
Bastion of Remembrance|12
Mirran Spy|12
Grim Discovery|12
Treasured Find|12
Triskaidekaphobia|12
Plateau|12
Bonds of Faith|12
Sultai Scavenger|12
Transit Mage|12
Inspired Idea|12
Bearer of the Heavens|12
You Find the Villains' Lair|12
Fog Bank|12
Starnheim Unleashed|12
Mogg Salvage|12
Road // Ruin|12
Polukranos, Unchained|12
Veteran Explorer|12
Pacification Array|12
Bane of Bala Ged|12
Riot Control|12
Boarding Party|12
Oath of Druids|12
Master of the Wild Hunt|12
Scythe Tiger|12
Witchstalker|12
Energy Chamber|12
Ornithopter of Paradise|12
Boros Swiftblade|12
King Darien XLVIII|12
Codespell Cleric|12
Deadeye Navigator|12
Shadow Sliver|12
Reprobation|12
Skullmead Cauldron|12
Makeshift Munitions|12
Sorin Markov|12
Might of the Nephilim|12
Burning Prophet|12
Monk of the Open Hand|12
Blinkmoth Well|12
Lost Auramancers|12
Divest|12
Mythos of Nethroi|12
Aura Gnarlid|12
Restoration Specialist|12
Ral, Storm Conduit|12
Turntimber Ranger|12
Charge Across the Araba|12
Battle Mastery|12
Signal the Clans|12
Tunnel Tipster|12
Burn Down the House|12
Spite of Mogis|12
Torch Courier|12
Induced Amnesia|12
Angelic Gift|12
Exsanguinate|12
Enter the Enigma|12
Desynchronization|12
Zurgo and Ojutai|12
Tidings|12
Alpine Houndmaster|12
Docent of Perfection|12
Push // Pull|12
Primal Forcemage|12
Wall of Blood|12
Unexpected Fangs|12
Radagast the Brown|12
Tin Street Gossip|12
Hide in Plain Sight|12
Migratory Greathorn|12
Chaplain of Alms|12
Nourish|12
Gutterbones|12
Doom Foretold|12
Territory Forge|11
Fireball|11
Briarbridge Tracker|11
Ichor Rats|11
Combat Courier|11
Chitterspitter|11
Midnight Clock|11
Retether|11
Mondrak, Glory Dominus|11
Thousand-Year Elixir|11
Tenth District Legionnaire|11
Quest for the Nihil Stone|11
Pollywog Symbiote|11
Lich's Mastery|11
Memnarch|11
Natural Order|11
Failure|11
Lukka, Bound to Ruin|11
Colossal Might|11
Sanctum Seeker|11
Mesa Enchantress|11
Shattered Ego|11
Vorel of the Hull Clade|11
Professional Face-Breaker|11
Aclazotz, Deepest Betrayal|11
Giant Solifuge|11
Dictate of Karametra|11
Vraan, Executioner Thane|11
Skyknight Squire|11
Roil Eruption|11
Elrond, Lord of Rivendell|11
Dragonlord's Servant|11
Into the Fire|11
Misdirection|11
Time Walk|11
Blood Funnel|11
Stingerback Terror|11
Arcanum Wings|11
Kazandu Refuge|11
Dawnglow Infusion|11
Prototype Portal|11
Curse of Exhaustion|11
Make Your Own Luck|11
Lotho, Corrupt Shirriff|11
Lizard Blades|11
Alchemist's Refuge|11
Asceticism|11
Crystal Ball|11
Ezuri's Archers|11
Detainment Spell|11
Moria Marauder|11
Osteomancer Adept|11
Loot, the Pathfinder|11
Key to the City|11
Scepter of Fugue|11
Skithiryx, the Blight Dragon|11
Restless Fortress|11
Jagged-Scar Archers|11
Cobbled Lancer|11
Viridian Revel|11
Phantasmal Bear|11
Squirming Emergence|11
Renounce the Guilds|11
Crystal Skull, Isu Spyglass|11
Chandra's Spitfire|11
Howl of the Horde|11
Dreadfang, Loathed by Fans|11
Flames of the Firebrand|11
Brooding Saurian|11
Cloak and Dagger|11
Phoenix Down|11
Kiora Bests the Sea God|11
Join the Dance|11
Burst of Speed|11
Emmara, Soul of the Accord|11
Agonasaur Rex|11
Seek the Wilds|11
The Sibsig Ceremony|11
Arcane Adaptation|11
Perilous Snare|11
Bala Ged Thief|11
Liliana, Death Mage|11
Riveteers Overlook|11
Migration Path|11
Dimir Guildgate|11
Dynavolt Tower|11
Hollowmurk Siege|11
Sensation Gorger|11
Graveyard Marshal|11
Charge|11
Lightning Crafter|11
Tibalt, the Fiend-Blooded|11
Colossification|11
Lolth, Spider Queen|11
Nine-Lives Familiar|11
Arbaaz Mir|11
Dryad Greenseeker|11
Hero of Oxid Ridge|11
Mental Journey|11
Horrifying Revelation|11
Mudflat Village|11
Telepathy|11
Godsend|11
Kami of Ancient Law|11
Overgrowth Elemental|11
Cautery Sliver|11
Magic Missile|11
Oath of Ajani|11
Malcolm, the Eyes|11
Garruk, Apex Predator|11
Volt Charge|11
Rampage of the Clans|11
Maestros Theater|11
God-Eternal Oketra|11
Cruel Edict|11
Avabruck Caretaker|11
Garth One-Eye|11
Threats Undetected|11
Space-Time Anomaly|11
Mardu Strike Leader|11
Underworld Cerberus|11
Omen of the Dead|11
Metamorphic Alteration|11
Path of Bravery|11
Inkfathom Infiltrator|11
Scab-Clan Mauler|11
Lay of the Land|11
Wall of Essence|11
Pyrostatic Pillar|11
Civic Saber|11
Consign to Dream|11
Angelfire Ignition|11
Hanweir Lancer|11
Discerning Taste|11
Primalcrux|11
Rune-Scarred Demon|11
Harmless Offering|11
Soaring Seacliff|11
Noggin Whack|10
Rakdos's Return|10
Skilled Animator|10
Shadow Summoning|10
Cavalcade of Calamity|10
Mind Control|10
Morsel Theft|10
Geosurge|10
Mind Rot|10
Unwind|10
Angel of Destiny|10
Warp World|10
Boon of Boseiju|10
Aphemia, the Cacophony|10
Thrull Parasite|10
Basking Rootwalla|10
Fumigate|10
Viashino Lashclaw|10
Thada Adel, Acquisitor|10
Ink-Eyes, Servant of Oni|10
Oona, Queen of the Fae|10
Quest for the Necropolis|10
Oath of Teferi|10
Stratus Dancer|10
Surrak, Elusive Hunter|10
Moonglove Extract|10
Elite Inquisitor|10
Convincing Mirage|10
Bear Trap|10
Viashino Sandsprinter|10
Runic Armasaur|10
Yusri, Fortune's Flame|10
Tempest Hart|10
Flower // Flourish|10
Searing Wind|10
Plumb the Forbidden|10
Sunforger|10
Dynacharge|10
Legacy Weapon|10
Reroute|10
Ob Nixilis, Captive Kingpin|10
Mycosynth Wellspring|10
Petrified Field|10
Valley Floodcaller|10
Return to Dust|10
Bedrock Tortoise|10
Goldvein Hydra|10
Kishla Village|10
Three Tree City|10
Waterfront District|10
Warbriar Blessing|10
Prophet of Kruphix|10
Qarsi Revenant|10
Final Payment|10
Fleeting Spirit|10
Barter in Blood|10
Woodland Wanderer|10
Withstand Death|10
Banishing Slash|10
Trostani Discordant|10
Can't Stay Away|10
Snuff Out|10
Eradicate|10
Greater Sandwurm|10
Wind Zendikon|10
Taurean Mauler|10
Optimistic Scavenger|10
Dark Betrayal|10
Ivy, Gleeful Spellthief|10
Snare Thopter|10
Rankle's Prank|10
Claim|10
Archwing Dragon|10
Might of the Meek|10
Archangel of Wrath|10
Worst Fears|10
The Wandering Rescuer|10
Seismic Wave|10
Loot, Exuberant Explorer|10
Heliod's Punishment|10
Shadow of the Grave|10
Umezawa's Jitte|10
The Grey Havens|10
Jumbo Cactuar|10
Flaxen Intruder|10
Vampire's Bite|10
Dimensional Infiltrator|10
Maelstrom Archangel|10
Breathe Your Last|10
Chainweb Aracnir|10
Gollum, Patient Plotter|10
The Raven Man|10
Plagued Rusalka|10
A-Dragon's Rage Channeler|10
Make a Stand|10
Outlaws' Merriment|10
Eureka Moment|10
Weird Harvest|10
Citadel Siege|10
Seismic Stomp|10
Vraska, Relic Seeker|10
Whispers of the Muse|10
Tranquil Landscape|10
Urza's Rage|10
Archghoul of Thraben|10
Mardu Scout|10
Quillspike|10
Cactusfolk Sureshot|10
Calamity Bearer|10
Troublemaker Ouphe|10
Skitterbeam Battalion|10
Alley Assailant|10
Dispense Justice|10
Avatar of Woe|10
Tooth Collector|10
Conduit Pylons|10
Animate Dead|10
Draconautics Engineer|10
Collective Effort|10
Crawling Chorus|10
Nylea, God of the Hunt|10
Sentinel's Mark|10
Pilfer|10
Abundance|10
Orzhov Enforcer|10
Thornweald Archer|10
Second Harvest|10
Boggart Birth Rite|10
Aven Heartstabber|10
Rooftop Storm|10
Darksteel Colossus|10
Pacifism|10
Hand of the Praetors|10
Chimeric Mass|10
Lilypad Village|10
Hypnotic Sprite|10
Knight's Pledge|10
Mnemonic Sphere|10
Quirion Dryad|10
Armadillo Cloak|10
Charge Through|10
Twinblade Slasher|10
Talus Paladin|10
Aegis Turtle|10
Anointed Procession|10
Temur Sabertooth|10
Renewed Faith|10
Thundering Raiju|10
Ringing Strike Mastery|10
Smash|10
Bioshift|10
Call the Bloodline|10
Heaped Harvest|10
Pouncing Shoreshark|10
Tornado Elemental|10
Blood on the Snow|10
Standard Bearer|10
Renowned Weaponsmith|10
Find // Finality|10
Niveous Wisps|10
Gilt-Leaf Ambush|10
Diligent Excavator|10
Orb of Dragonkind|10
Soul Snare|10
Death Spark|10
Hero's Blade|10
Rootwire Amalgam|10
You Find Some Prisoners|10
Kessig Wolf|10
Mul Daya Channelers|10
Thryx, the Sudden Storm|10
Magic Damper|10
Regal Leosaur|10
Idol of Endurance|10
Scene of the Crime|9
Reassembling Skeleton|9
Roaring Furnace|9
Grafted Butcher|9
Fleeting Reflection|9
Molten Disaster|9
Thelon of Havenwood|9
Honored Crop-Captain|9
The Biblioplex|9
Glen Elendra Liege|9
Glorious Sunrise|9
Obsidian Battle-Axe|9
Vampiric Tutor|9
River Boa|9
Tainted Adversary|9
Moltensteel Dragon|9
Demon Bolt|9
Curse of Stalked Prey|9
Ancient Adamantoise|9
Putrefax|9
Kitesail Apprentice|9
Infiltration Lens|9
Valgavoth's Lair|9
Dire Tactics|9
Molten Impact|9
Thassa's Rebuff|9
Cavalier of Dawn|9
Glimpse of Freedom|9
Vanquish the Horde|9
Esika, God of the Tree|9
Void|9
Teachings of the Archaics|9
Lagrella, the Magpie|9
Mulch|9
Grakmaw, Skyclave Ravager|9
Reckless Air Strike|9
Astral Drift|9
Faerie Vandal|9
Thinking Cap|9
Sigarda, Champion of Light|9
Hand of Emrakul|9
Likeness Looter|9
Krenko, Baron of Tin Street|9
Reject|9
Rosheen Meanderer|9
Eyeblight's Ending|9
Introduction to Annihilation|9
Drowned Rusalka|9
Autonomous Assembler|9
Urborg Repossession|9
Anticognition|9
Alpine Meadow|9
Suspicious Stowaway|9
Scar|9
Palladium Myr|9
Grishnákh, Brash Instigator|9
Grim Guardian|9
Arcane Denial|9
Pulse Tracker|9
Hurkyl, Master Wizard|9
Gothmog, Morgul Lieutenant|9
Bushwhack|9
Dusk|9
Crocodile of the Crossing|9
Spirit Loop|9
Tempered in Solitude|9
Urza's Bauble|9
Kaya, Spirits' Justice|9
Mirage Mirror|9
Rona, Disciple of Gix|9
Arc-Slogger|9
Hamlet Vanguard|9
Spawning Pit|9
Display of Power|9
Increasing Savagery|9
Cleaving Sliver|9
Vaultborn Tyrant|9
Mudbrawler Cohort|9
Psychic Spiral|9
Goro-Goro, Disciple of Ryusei|9
Lion's Eye Diamond|9
Rancid Earth|9
Soul of Migration|9
Maze of Ith|9
Devil's Play|9
Arashin Foremost|9
Sleight of Mind|9
Felonious Rage|9
Manaform Hellkite|9
Darkstar Augur|9
Firewake Sliver|9
Witch's Cauldron|9
Clinging Mists|9
Dreadhorde Invasion|9
Virtue of Loyalty|9
Mire's Grasp|9
Propagator Drone|9
Zul Ashur, Lich Lord|9
Timber Protector|9
Anchor to Reality|9
Darksteel Ingot|9
Fugitive Codebreaker|9
Battle Hymn|9
Gate to the Afterlife|9
Memorial to Genius|9
Ulvenwald Hydra|9
Nightmare Void|9
Terminal Agony|9
Invasion of Zendikar|9
Bloodflow Connoisseur|9
Dowsing Dagger|9
Contentious Plan|9
Debris Beetle|9
Vraska, Betrayal's Sting|9
Master Splicer|9
Emergence Zone|9
Extractor Demon|9
Temur Charm|9
Chainer, Nightmare Adept|9
Blightbelly Rat|9
Faerie Snoop|9
Demystify|9
Champion of Lambholt|9
Exert Influence|9
Leyline of Mutation|9
Radical Idea|9
Wither and Bloom|9
Dragon's Eye Savants|9
Falkenrath Gorger|9
Arcbound Prototype|9
Angel of Vitality|9
Silumgar's Command|9
Sanguine Bond|9
Guiding Voice|9
Lightning Mare|9
Higure, the Still Wind|9
Ojer Kaslem, Deepest Growth|9
Blacksmith's Talent|9
Urban Retreat|9
The Scorpion God|9
Reduce // Rubble|9
Gaea's Gift|9
Reclusive Taxidermist|9
Terra Stomper|9
Balefire Liege|9
Atsushi, the Blazing Sky|9
Tezzeret, Master of the Bridge|9
Nether Traitor|9
Evendo, Waking Haven|9
Rashmi, Eternities Crafter|9
Brood Birthing|9
Skyclave Pick-Axe|9
Slag Fiend|9
Soulstone Sanctuary|9
Brass's Tunnel-Grinder|9
Throat Slitter|9
Cuombajj Witches|9
Talrand, Sky Summoner|9
Intimidator Initiate|9
Goblin Fireslinger|9
Mechanized Warfare|9
Mizzium Meddler|9
Llanowar Loamspeaker|9
Tragic Lesson|9
Peace Strider|9
Esoteric Duplicator|9
Surge Engine|9
Rot-Curse Rakshasa|9
Oviya Pashiri, Sage Lifecrafter|9
Slaying Fire|9
Pulse of the Forge|9
Searslicer Goblin|9
Thunder of Unity|9
Invoke the Ancients|9
Rust Goliath|9
Shefet Archfiend|9
Imprisoned in the Moon|9
Selfless Samurai|9
Charix, the Raging Isle|9
Nearheath Pilgrim|9
Dolmen Gate|9
Dreamtide Whale|9
Kin-Tree Severance|9
Mordor Muster|9
Vodalian Mindsinger|9
Endless Detour|9
Restless Vinestalk|9
Scrap Compactor|9
Curate|9
Plague Mare|9
Selesnya Guildgate|9
Fall of Gil-galad|9
Tournament Grounds|9
Nighthowler|9
Etrata, Deadly Fugitive|9
You See a Pair of Goblins|9
Blood Researcher|9
Culling Dais|9
Entomb|9
Dack Fayden|9
Spawnsire of Ulamog|9
Firemane Angel|9
Neutralize|9
Captain Lannery Storm|9
Deadeye Tracker|9
Frodo Baggins|8
Scout's Warning|8
The Fall of Kroog|8
Skullclamp|8
Font of Ire|8
Lightning Spear|8
Aether Tide|8
Patron of the Moon|8
Planar Incision|8
Baru, Fist of Krosa|8
Master's Call|8
Hunted Bonebrute|8
Goblin Trailblazer|8
Evie Frye|8
Rotisserie Elemental|8
Tuktuk the Explorer|8
Lifespark Spellbomb|8
Graven Lore|8
Setessan Training|8
Tin Street Dodger|8
Kalain, Reclusive Painter|8
Tatsunari, Toad Rider|8
Maelstrom Wanderer|8
Divine Verdict|8
Infuriate|8
Genju of the Spires|8
Glimmerpoint Stag|8
Isshin, Two Heavens as One|8
Llanowar Mentor|8
Lord Xander, the Collector|8
Hypergenesis|8
Crush of Tentacles|8
Stone Haven Outfitter|8
Verdant Confluence|8
Aerial Volley|8
Mind Shatter|8
Traxos, Scourge of Kroog|8
Fell|8
Drake Familiar|8
Overcharged Amalgam|8
Invigorate|8
Sephara, Sky's Blade|8
Maelstrom Colossus|8
Young Necromancer|8
Chief of the Foundry|8
Auriok Sunchaser|8
Prophetic Ravings|8
Pathrazer of Ulamog|8
Golgari Rotwurm|8
Giant Cindermaw|8
Verduran Enchantress|8
Detention Vortex|8
Paradox Haze|8
Maja, Bretagard Protector|8
Kulrath Knight|8
Dormant Sliver|8
Yavimaya Enchantress|8
Rakdos Shred-Freak|8
Banehound|8
Witherbloom Apprentice|8
Helpful Hunter|8
Planar Portal|8
Diamond Valley|8
Charnelhoard Wurm|8
Chandra's Triumph|8
Resounding Wave|8
Dying to Serve|8
Radha, Heart of Keld|8
Martyr of Ashes|8
Rakdos Signet|8
Jace's Projection|8
Scourge of Skola Vale|8
Forsworn Paladin|8
Codie, Vociferous Codex|8
Torgaar, Famine Incarnate|8
Lazotep Chancellor|8
Skycat Sovereign|8
Stony Strength|8
Self-Assembler|8
Sigiled Paladin|8
Herd Baloth|8
Rishkar's Expertise|8
Murmuring Mystic|8
Guile|8
Arms Dealer|8
Ride's End|8
Spiraling Embers|8
Battlefield Raptor|8
Resolute Watchdog|8
Twisted Landscape|8
Macabre Reconstruction|8
Countless Gears Renegade|8
Realmbreaker, the Invasion Tree|8
Tyvar, the Pummeler|8
The Creation of Avacyn|8
Counterbore|8
Hand of Honor|8
Aven Windreader|8
Disciplined Duelist|8
Lotus Blossom|8
Selkie Hedge-Mage|8
Ajani Unyielding|8
Sculptor of Winter|8
Hideous Laughter|8
Legion Conquistador|8
Bramblecrush|8
Echoing Ruin|8
Relic Seeker|8
Ojer Pakpatiq, Deepest Epoch|8
Boggart Mob|8
Vat of Rebirth|8
Tragic Fall|8
Surrak and Goreclaw|8
Conspiracy Theorist|8
Dream Leash|8
Treacherous Pit-Dweller|8
Keldon Halberdier|8
Storm Crow|8
Grand Warlord Radha|8
Savannah Lions|8
Ghoulish Procession|8
Claim the Precious|8
Rip-Clan Crasher|8
Alpine Watchdog|8
Sidisi, Brood Tyrant|8
Nasty End|8
Patrician Geist|8
Sandwurm Convergence|8
Shattered Landscape|8
Dryad Sophisticate|8
Tezzeret's Touch|8
Bone Picker|8
Virtue of Courage|8
Flying Men|8
Immersturm Predator|8
Scatter Ray|8
Lightning Blow|8
Living Destiny|8
Ruin-Lurker Bat|8
Songcrafter Mage|8
Shrouded Shepherd|8
Vicious Conquistador|8
Ready // Willing|8
Gouged Zealot|8
Akiri, Fearless Voyager|8
Desolation Twin|8
You Come to a River|8
Chandra, Novice Pyromancer|8
Zombify|8
Tithe Drinker|8
Ruthless Sniper|8
Cyclops Superconductor|8
Shamanic Revelation|8
Florian, Voldaren Scion|8
Nath of the Gilt-Leaf|8
Fathom Seer|8
Emrakul's Hatcher|8
Innocent Blood|8
Blood Spatter Analysis|8
Writhing Necromass|8
Commune with Beavers|8
Shimmering Grotto|8
Symmetry Sage|8
Uthros, Titanic Godcore|8
Skarrgan Hellkite|8
Phantom Blade|8
Azure Beastbinder|8
Flamekin Bladewhirl|8
Dungeon Geists|8
Shivan Sand-Mage|8
Wight of Precinct Six|8
Hedron Crawler|8
Wall of Lost Thoughts|8
Vorapede|8
Pernicious Deed|8
Dead Drop|8
Ashcloud Phoenix|8
Sparkhunter Masticore|8
Healer's Flock|8
Floriferous Vinewall|8
Viashino Slaughtermaster|8
Vesuvan Doppelganger|8
Swell of Growth|8
Ajani, the Greathearted|8
Graypelt Refuge|8
Deathsprout|8
Grinning Ignus|8
Gamble|8
Woolly Razorback|8
Courier Hawk|8
Depala, Pilot Exemplar|8
Squall, SeeD Mercenary|8
Obsidian Acolyte|8
Undergrowth Champion|8
Mnemonic Wall|8
Myrsmith|8
Bant Sureblade|8
Storm God's Oracle|8
Fungal Fortitude|8
Kraul Whipcracker|8
Stone Quarry|8
Grievous Wound|8
Veteran Motorist|8
Grizzly Bears|8
Curse of the Bloody Tome|8
Serene Steward|8
Peel from Reality|8
Spring Cleaning|8
Crumbling Ashes|8
Hellhole Flailer|8
Ominous Seas|8
Obstinate Familiar|8
Horobi's Whisper|8
Hotshot Mechanic|8
Song of Freyalise|8
Etali's Favor|8
Lathnu Hellion|8
Tectonic Giant|8
Steal Artifact|8
Rite of Undoing|8
Refurbish|8
Sagu Mauler|8
Arbor Colossus|8
Ichormoon Gauntlet|8
Guardians' Pledge|8
Skyknight Legionnaire|8
Dauthi Slayer|8
Phylactery Lich|8
Nacatl Savage|8
Angel's Herald|8
Sunscape Familiar|8
Oko, the Ringleader|8
Stonehewer Giant|8
Gift of the Viper|8
Foundry Assembler|8
Mudbutton Torchrunner|8
Aphotic Wisps|8
Army of the Damned|8
Gudul Lurker|8
Fangs of Kalonia|8
Tranquil Expanse|8
Ruby, Daring Tracker|8
Serrated Arrows|8
Expedited Inheritance|8
Karn, Living Legacy|8
Coral Net|8
Jacob Frye|8
Shivan Fire|8
Majestic Myriarch|8
Stupor|8
Adult Gold Dragon|8
Bloodthirsty Aerialist|8
Clone|8
Myrel, Shield of Argive|8
Weaver of Lightning|8
Invasion of Innistrad|8
Giant Ox|8
Starscape Cleric|8
Gonti's Aether Heart|8
Scatter to the Winds|8
Westfold Rider|8
Aegar, the Freezing Flame|8
Trumpet Blast|8
Shaman of the Great Hunt|8
Chandra's Embercat|8
Arwen Undómiel|8
Dark Heart of the Wood|8
Tree of Redemption|8
Duskmourn's Claim|8
Coax from the Blind Eternities|8
Furnace Punisher|8
Cyclone Summoner|8
Sangrophage|8
Rakka Mar|8
Open the Way|8
Streetwise Negotiator|8
Ghoultree|8
Ebony Owl Netsuke|8
Rampaging Baloths|8
Embodiment of Fury|8
Greater Good|8
Shimmerdrift Vale|8
Vengeance|8
Far Wanderings|8
Imaginary Pet|8
Lupinflower Village|8
Kotose, the Silent Spider|8
Desolation Giant|8
Seize the Storm|8
Wingsteed Rider|8
Spider-Woman, Stunning Savior|8
Seized from Slumber|8
Alchemist's Gift|8
Cemetery Protector|8
Dovin, Grand Arbiter|8
Endless Swarm|8
Kozilek's Shrieker|8
Virtue of Strength|8
Angel of Serenity|8
Murky Sewer|8
Wolfbitten Captive|8
Saheeli's Lattice|8
End Hostilities|8
Igneous Inspiration|8
Endless Sands|8
Tragic Poet|8
Borrowed Time|8
Skophos Reaver|8
Akal Pakal, First Among Equals|8
Basic Conjuration|8
Alrund, God of the Cosmos|8
Squirrel Sanctuary|8
Foulmire Knight|8
Tectonic Hazard|8
Nahiri's Warcrafting|8
Aven Sunstriker|8
Squirrel Sovereign|8
Repeated Reverberation|8
Captain's Claws|8
Night Market Lookout|8
Grand Arbiter Augustin IV|8
Undiscovered Paradise|8
Seedglaive Mentor|8
End-Raze Forerunners|8
Fast // Furious|8
Gev, Scaled Scorch|8
Taborax, Hope's Demise|8
Fungal Rebirth|8
Sage of Fables|8
Daybreak Chaplain|8
Leyline Prowler|8
Reckless Fireweaver|8
Clockspinning|8
Granulate|8
Lightmine Field|8
Basri, Tomorrow's Champion|8
Boon Satyr|8
Lammastide Weave|8
Mindlash Sliver|8
Lightning Blast|8
Vedalken Certarch|8
View from Above|8
Basilica Screecher|8
Vampire Cutthroat|8
Doubling Chant|8
Enterprising Scallywag|8
Casualties of War|8
Heap Doll|8
Kaya, Intangible Slayer|8
Essence Depleter|8
Molderhulk|8
Union of the Third Path|8
Memorial to Folly|8
Indulging Patrician|8
Drag to the Roots|8
Council's Judgment|7
Underworld Connections|7
Spectral Prison|7
Parallel Lives|7
Festering Goblin|7
Vinereap Mentor|7
Hypersonic Dragon|7
Copper Host Crusher|7
Restless Prairie|7
Cockatrice|7
Samut, the Tested|7
Garruk's Uprising|7
Worldly Tutor|7
Griffin Guide|7
Impostor of the Sixth Pride|7
Spectral Force|7
Urban Daggertooth|7
Falkenrath Pit Fighter|7
Map the Wastes|7
Angelic Purge|7
Hypnotic Siren|7
Lost in the Maze|7
Timbermare|7
Beloved Princess|7
Invoke the Divine|7
Gnarlroot Trapper|7
Mushroom Watchdogs|7
Bonesplitter Sliver|7
Dire Fleet Poisoner|7
Akki Avalanchers|7
Divine Visitation|7
Alirios, Enraptured|7
Stormcaller's Boon|7
Doorkeeper|7
Reclamation|7
Honored Dreyleader|7
Gather Specimens|7
Three Tree Mascot|7
Bristlebud Farmer|7
Volcanic Strength|7
Battle Plan|7
Not on My Watch|7
Zoraline, Cosmos Caller|7
Masked Meower|7
Whispersilk Cloak|7
Rally for the Throne|7
They Went This Way|7
Traveler's Amulet|7
Cruel Feeding|7
Stoic Angel|7
Snapping Voidcraw|7
Cranial Archive|7
Rally of Wings|7
Glorious Anthem|7
Huatli, the Sun's Heart|7
Burning Earth|7
Liliana's Mastery|7
Liliana's Specter|7
Hall of Oracles|7
Cosmic Hunger|7
Consign to the Pit|7
True-Name Nemesis|7
Immaculate Magistrate|7
Mirran Mettle|7
Radha's Firebrand|7
Icy Manipulator|7
Breeches, Eager Pillager|7
Consign to Dust|7
Yeva, Nature's Herald|7
Tymaret Calls the Dead|7
Silver Myr|7
Purphoros's Intervention|7
Rakdos Guildgate|7
Shard Phoenix|7
Goddric, Cloaked Reveler|7
Arni Slays the Troll|7
Sorin's Thirst|7
Melt Terrain|7
Kuon, Ogre Ascendant|7
Darksteel Reactor|7
Monoskelion|7
Gift of Orzhova|7
Nezumi Informant|7
Managorger Hydra|7
Aura Barbs|7
Reluctant Role Model|7
Sage's Dousing|7
Kozilek's Predator|7
Candlegrove Witch|7
Cerebral Vortex|7
Ayara, Widow of the Realm|7
Rise of Eagles|7
Prophetic Titan|7
Goldmeadow Harrier|7
Judge of Currents|7
Expanded Anatomy|7
Kraven, Proud Predator|7
Furnace Reins|7
Rakish Heir|7
Colossal Plow|7
Barge In|7
Mishra's Self-Replicator|7
Krark's Thumb|7
Crush|7
Scheming Aspirant|7
Fear of Impostors|7
Mogis's Marauder|7
Patchwork Banner|7
Priest of the Haunted Edge|7
Reiterating Bolt|7
Clone Shell|7
Wretched Banquet|7
Wingcrafter|7
Suffocating Fumes|7
Squash|7
Ranger's Path|7
Sanctify|7
Tainted Field|7
The Soul Stone|7
Reverent Hunter|7
Barrow-Blade|7
Ash Barrens|7
Farhaven Elf|7
Opulent Palace|7
Huatli, Radiant Champion|7
Harsh Sustenance|7
Akoum Refuge|7
Pitfall Trap|7
Fire Whip|7
Azorius Guildmage|7
Blitz of the Thunder-Raptor|7
Dream Devourer|7
Voracious Wurm|7
Finneas, Ace Archer|7
Fatal Grudge|7
Dark Withering|7
Bilious Skulldweller|7
Witch's Web|7
Azor's Gateway|7
Dovin Baan|7
Circle of Flame|7
Karn's Temporal Sundering|7
Pharika's Chosen|7
Quirion Beastcaller|7
Squirrel Mob|7
Supply // Demand|7
Bloodthirsty Conqueror|7
Jin-Gitaxias, Progress Tyrant|7
Kinsbaile Borderguard|7
Harsh Scrutiny|7
Avalanche Caller|7
Doom Whisperer|7
Plaza of Harmony|7
Champion of Rhonas|7
Furor of the Bitten|7
Repel|7
Earth Rift|7
Smoldering Spires|7
Conqueror's Pledge|7
Shield of the Oversoul|7
Flamekin Village|7
Andúril, Flame of the West|7
Tireless Tribe|7
Soul Snuffers|7
Avacyn, Guardian Angel|7
Anje, Maid of Dishonor|7
Eshki Dragonclaw|7
Blighted Cataract|7
Rhox Veteran|7
Ore-Scale Guardian|7
Hammer of Purphoros|7
Flensermite|7
Verdant Eidolon|7
Song of Totentanz|7
Tajuru Paragon|7
Battalion Foot Soldier|7
Mogg Flunkies|7
Thistledown Liege|7
Mistmeadow Skulk|7
Creosote Heath|7
Planar Outburst|7
Danitha, Benalia's Hope|7
Mount Velus Manticore|7
Devouring Light|7
Inside Source|7
Ballyrush Banneret|7
Case of the Stashed Skeleton|7
Prism Ring|7
Golgari Guildgate|7
Seeds of Strength|7
Mindsplice Apparatus|7
Brinebarrow Intruder|7
Library of Alexandria|7
Palace Siege|7
Weakstone's Subjugation|7
Swift Warden|7
Trusted Advisor|7
Nicol Bolas|7
Echoing Calm|7
Settle Beyond Reality|7
Demonic Embrace|7
Sylvan Awakening|7
Harrier Strix|7
Torrent Sculptor|7
Decimator of the Provinces|7
Bontu the Glorified|7
Dread Shade|7
Slick Sequence|7
Restless Vents|7
Invasion of Dominaria|7
Recalibrate|7
Fae Offering|7
Snaremaster Sprite|7
Moment's Peace|7
Duskshell Crawler|7
Monk Class|7
Birchlore Rangers|7
Halvar, God of Battle|7
Honor the God-Pharaoh|7
Commencement of Festivities|7
Cemetery Prowler|7
Life of Toshiro Umezawa|7
The Kami War|7
Creeping Mold|7
Gideon's Lawkeeper|7
Kellan, Planar Trailblazer|7
Megrim|7
Ronom Unicorn|7
Natural Obsolescence|7
Agatha of the Vile Cauldron|7
Jewel Thief|7
Wingmantle Chaplain|7
Cloud Sprite|7
Torch Fiend|7
Revival // Revenge|7
Quicksilver Fountain|7
Siege Modification|7
Lullmage Mentor|7
Windcrag Siege|7
Sorin's Vengeance|7
Buster Sword|7
Time Stretch|7
Moldervine Cloak|7
Bond Beetle|7
Agency Coroner|7
Goreclaw, Terror of Qal Sisma|7
Pure // Simple|7
Radiant Lotus|6
Golgari Keyrune|6
Prosthetic Injector|6
Yawgmoth's Vile Offering|6
Barrage of Boulders|6
Goblin Flectomancer|6
Offender at Large|6
Bladecoil Serpent|6
Mage-Ring Network|6
Boros Guildgate|6
Spore Swarm|6
Fresh Start|6
Cryptborn Horror|6
Sporecrown Thallid|6
Hovermyr|6
Necroduality|6
Arcbound Crusher|6
Flourishing Strike|6
Jill, Shiva's Dominant|6
High-Rise Sawjack|6
Emerald Medallion|6
Self-Destruct|6
Archangel Elspeth|6
Choking Sands|6
Bulk Up|6
Goblin Javelineer|6
Igneous Cur|6
Singing Bell Strike|6
Mycoloth|6
Brutalizer Exarch|6
Arborback Stomper|6
Golden Urn|6
Awaken the Ancient|6
Silverback Elder|6
Gargoyle Castle|6
Avarice Totem|6
Slaughter Singer|6
Rabid Bite|6
Vectis Gloves|6
Scorned Villager|6
Pestilent Haze|6
Dragonback Assault|6
Leonin Elder|6
Scaled Wurm|6
Simic Guildgate|6
Forge Devil|6
Resolute Strike|6
Borne Upon a Wind|6
Feather of Flight|6
Culvert Ambusher|6
Start from Scratch|6
Benevolent Bodyguard|6
Old Rutstein|6
Act on Impulse|6
Cold Case Cracker|6
Damnable Pact|6
Avatar of Hope|6
Summon: Fenrir|6
Corpse Explosion|6
Vraska, Swarm's Eminence|6
Easterling Vanguard|6
Lithoform Engine|6
Blood Scrivener|6
Joiner Adept|6
Near-Death Experience|6
Xantid Swarm|6
Heartlash Cinder|6
The Mindskinner|6
Door of Destinies|6
Sibling Rivalry|6
Damping Field|6
Witchstalker Frenzy|6
Scourglass|6
Fanatical Strength|6
Voidpouncer|6
Merrow Commerce|6
Vermin Gorger|6
Persistent Marshstalker|6
Revive|6
Yarok's Fenlurker|6
Vizier of Many Faces|6
Storm the Vault|6
Divination|6
Greasewrench Goblin|6
Increasing Confusion|6
Sticky Fingers|6
Phenax, God of Deception|6
Eye of Vecna|6
Oscorp Industries|6
Parcel Myr|6
Slag Strider|6
Heir of Falkenrath|6
Fatal Frenzy|6
Captured by Lagacs|6
Mythos of Snapdax|6
Invasion of Regatha|6
Seedcradle Witch|6
Bounce Off|6
Ire Shaman|6
Sauron, the Dark Lord|6
Landscaper Colos|6
Out Cold|6
Twitching Doll|6
Ghostblade Eidolon|6
Expel the Unworthy|6
Wild Ride|6
Tocasia's Welcome|6
Preeminent Captain|6
Gloomshrieker|6
Pyrewild Shaman|6
Pore Over the Pages|6
Blacklance Paragon|6
Razor Golem|6
Deeproot Elite|6
Badgermole Cub|6
Bring the Ending|6
Azorius Guildgate|6
Vantress Transmuter|6
The Wanderer|6
Ziatora's Envoy|6
Blasphemous Edict|6
Underdark Basilisk|6
Tainted Pact|6
Shimmer Dragon|6
Highland Lake|6
Lovisa Coldeyes|6
Helm of the Host|6
Yasova Dragonclaw|6
Glade Watcher|6
Ash, Party Crasher|6
Gargadon|6
Biogenic Ooze|6
Hollow Marauder|6
Peer Past the Veil|6
Galadriel of Lothlórien|6
Exalted Angel|6
Ghostly Pilferer|6
Dokuchi Silencer|6
Liesa, Forgotten Archangel|6
Mire's Toll|6
Hopeful Eidolon|6
Leaf Gilder|6
Golbez, Crystal Collector|6
Painful Quandary|6
Shanna, Purifying Blade|6
Saddleback Lagac|6
Teferi's Moat|6
Shineshadow Snarl|6
Scarab Feast|6
Scuttling Doom Engine|6
Topan Freeblade|6
Unseal the Necropolis|6
Hostile Investigator|6
Leather Armor|6
Scepter of Dominance|6
Soratami Cloudskater|6
Retribution of the Ancients|6
Lich's Mirror|6
Brokkos, Apex of Forever|6
Goblin War Party|6
Generous Plunderer|6
Astelli Reclaimer|6
Stoneforge Acolyte|6
Dodecapod|6
Twisted Riddlekeeper|6
Hoodwink|6
Collective Blessing|6
Thieves' Fortune|6
Shivan Wumpus|6
Stinkdrinker Daredevil|6
Shakedown Heavy|6
Auriok Steelshaper|6
Protean Hydra|6
Requiem Monolith|6
Graf Harvest|6
Deadly Recluse|6
Leering Onlooker|6
Loyal Sentry|6
Sandstorm Salvager|6
Frostburn Weird|6
Order of Leitbur|6
Terror|6
Living Twister|6
Ironroot Warlord|6
Yisan, the Wanderer Bard|6
Time Spiral|6
Soul-Strike Technique|6
Camellia, the Seedmiser|6
Trail of Evidence|6
Spellbook|6
Thrumming Hivepool|6
Forsaken Crossroads|6
Veteran Armorer|6
Return to the Earth|6
Seance|6
Soulmender|6
Moonsnare Specialist|6
Make Your Move|6
Cadaver Imp|6
Terra Eternal|6
Broodwarden|6
Sinister Starfish|6
Phantasmal Dreadmaw|6
Scurry of Gremlins|6
Bakersbane Duo|6
Faerie Harbinger|6
Grave Scrabbler|6
Dizzy Spell|6
Demonic Vigor|6
Dust Stalker|6
Black Market Connections|6
Corpse Cobble|6
Serenity|6
Selective Snare|6
Sunbird's Invocation|6
Impromptu Raid|6
Spawning Pool|6
Thrummingbird|6
Pyramid of the Pantheon|6
Tymaret, Chosen from Death|6
Dominus of Fealty|6
Ill-Tempered Loner|6
Final Vengeance|6
Spellweaver Helix|6
Gilded Light|6
Perimeter Enforcer|6
Struggle // Survive|6
Frontline Medic|6
Angel of Suffering|6
Winter Orb|6
Bonebreaker Giant|6
Arcbound Slith|6
Stampeding Serow|6
Tangle Golem|6
Overwhelmed Apprentice|6
Deathspore Thallid|6
Curse of Misfortunes|6
Stoneforge Masterwork|6
Roil Cartographer|6
Gauntlet of Power|6
Greta, Sweettooth Scourge|6
Herbal Poultice|6
Yotian Frontliner|6
Lys Alana Bowmaster|6
Retreat to Hagra|6
Drover of the Mighty|6
Arcane Laboratory|6
Spectral Shift|6
Gold-Forged Thopteryx|6
Peerless Recycling|6
Makeshift Binding|6
Rubblehulk|6
Mossborn Hydra|6
Duty Beyond Death|6
Vorpal Sword|6
Complete Disregard|6
Gishath, Sun's Avatar|6
Niv-Mizzet, the Firemind|6
Bloodwater Entity|6
Myr Reservoir|6
Sword of the Animist|6
Markov Baron|6
Sanguine Savior|6
Cloudblazer|6
So Shiny|6
Eel Umbra|6
Phyresis|6
Gadwick, the Wizened|6
Bolrac-Clan Basher|6
Blanchwood Armor|6
No Rest for the Wicked|6
Erebos's Titan|6
Conifer Wurm|6
Seasoned Hallowblade|6
Combine Chrysalis|6
Notorious Throng|6
Mirran Banesplitter|6
Smothering Tithe|6
Even the Odds|6
Vulshok Sorcerer|6
Ao, the Dawn Sky|6
Mogg Sentry|6
Oakhame Adversary|6
Hunting Triad|6
Pictures of Spider-Man|6
Galazeth Prismari|6
Shepherd of the Flock|6
Clockwork Beetle|6
Mandibular Kite|6
Sunblast Angel|6
Come Back Wrong|6
Dross Golem|6
Nullmage Shepherd|6
Trash the Town|6
Branch of Vitu-Ghazi|6
Somberwald Sage|6
Avenger of the Fallen|6
Corpse Appraiser|6
Parasitic Grasp|6
Griffnaut Tracker|6
Soul Tithe|6
Wurmcoil Larva|6
Unstoppable Plan|6
Veteran's Powerblade|6
Karametra's Favor|6
Drey Keeper|6
The Shire|6
Molten Nursery|6
Hijack|6
Kyodai, Soul of Kamigawa|6
Belligerent Yearling|6
Vengeful Creeper|6
Jaya Ballard|6
Decree of Justice|6
Spectrum Sentinel|6
Urza, Lord Protector|6
Vengeful Tracker|6
Launch the Fleet|6
Loam Dryad|6
Quench|6
Zulaport Duelist|6
Verdant Automaton|6
Warehouse Tabby|6
Giant Adephage|6
Putrid Imp|6
Psychic Surgery|6
Red Sun's Zenith|6
Quag Feast|6
Iceberg Cancrix|6
Frost Breath|6
Riftburst Hellion|6
Kasmina's Transmutation|6
Streambed Aquitects|6
Oran-Rief Hydra|6
Harald, King of Skemfar|6
Severed Strands|6
Gumdrop Poisoner|6
Vedalken Aethermage|6
Geier Reach Bandit|6
Mind Drain|6
Magnivore|6
Calcite Snapper|6
Satoru Umezawa|6
Lush Growth|5
Vraska Joins Up|5
Enduring Angel|5
Revolutionist|5
Hold the Line|5
Iymrith, Desert Doom|5
Archon of Justice|5
Restoration Magic|5
Dream Stalker|5
Basri's Solidarity|5
Pearl Lake Ancient|5
Into the Core|5
Finale of Revelation|5
Blackcleave Goblin|5
Disciple of Deceit|5
Epic Confrontation|5
Spare Supplies|5
Mountain Yeti|5
Hellkite Overlord|5
Eowyn, Fearless Knight|5
Unnatural Moonrise|5
Humiliate|5
Bramble Familiar|5
Rivendell|5
Scarlet Spider, Kaine|5
Phyrexian Missionary|5
Steady Progress|5
Dust Animus|5
Sarkhan the Mad|5
Cobbled Wings|5
Happily Ever After|5
Dryad's Revival|5
Grim Roustabout|5
Alhammarret's Archive|5
Extruder|5
Shapesharer|5
Phyrexian Negator|5
Dread Drone|5
Arcane Signet|5
Skittering Invasion|5
Psychic Barrier|5
Goblin Glory Chaser|5
Palace Jailer|5
Kavu Primarch|5
Screeching Sliver|5
Roc Hunter|5
Deepwood Denizen|5
Banewhip Punisher|5
Dreg Mangler|5
Rune of Sustenance|5
Lochmere Serpent|5
Volcanic Awakening|5
Gremlin Tamer|5
Return Triumphant|5
Willbender|5
Shire Terrace|5
Thundercloud Shaman|5
Animal Sanctuary|5
Finale of Eternity|5
Rubblebelt Maverick|5
Orah, Skyclave Hierophant|5
Burn at the Stake|5
Sleeper Dart|5
Denethor, Ruling Steward|5
Connive // Concoct|5
The Animus|5
Maelstrom of the Spirit Dragon|5
Skullport Merchant|5
Root Snare|5
Cinder Wall|5
Burgeoning|5
Theoden, King of Rohan|5
Voracious Dragon|5
Luminesce|5
Yahenni, Undying Partisan|5
Talrand's Invocation|5
Rielle, the Everwise|5
Smoke Shroud|5
Sapseep Forest|5
Audience with Trostani|5
Magus of the Bridge|5
Archenemy's Charm|5
Sudden Impact|5
Sulfurous Mire|5
Cavalier of Flame|5
Disciple of Bolas|5
Heartless Hidetsugu|5
Corrosive Mentor|5
Gibbering Descent|5
Inevitable Defeat|5
Serene Heart|5
Builder's Talent|5
Grixis Panorama|5
Prodigal Pyromancer|5
Ward of Bones|5
Flamehold Grappler|5
Battle-Rage Blessing|5
Chandra Nalaar|5
Faithful Watchdog|5
Crystal Vein|5
Mirari's Wake|5
Thrill-Kill Assassin|5
Treasure Hunter|5
Nightscape Familiar|5
Gird for Battle|5
Shadow of the Goblin|5
Exclusion Mage|5
Chasm Skulker|5
Rockface Village|5
Golden Demise|5
Yawgmoth's Will|5
Stormwild Capridor|5
Stalwart Shield-Bearers|5
Spell Snuff|5
Thousand-Year Storm|5
Immolating Glare|5
Falkenrath Exterminator|5
Coalition Victory|5
Jaddi Lifestrider|5
Funnel-Web Recluse|5
Grim Initiate|5
Thoughtweft Trio|5
Marrow-Gnawer|5
Magus of the Vineyard|5
Azami, Lady of Scrolls|5
Might of Oaks|5
Toshiro Umezawa|5
Sea Drake|5
Trait Doctoring|5
Surge Mare|5
Artisan of Kozilek|5
Diregraf Rebirth|5
Voyager Glidecar|5
Plasm Capture|5
Necrosynthesis|5
Gilded Lotus|5
Maze's End|5
Kambal, Profiteering Mayor|5
Escape Velocity|5
Ajani, Wise Counselor|5
Karn, Legacy Reforged|5
Unwinding Clock|5
Daring Escape|5
Knighted Myr|5
Persecute|5
Knight of the New Coalition|5
Flick a Coin|5
Anointer Priest|5
The Tale of Tamiyo|5
Quietus Spike|5
Fists of Flame|5
Aetherflame Wall|5
Ember Swallower|5
Battlefly Swarm|5
Scorched Rusalka|5
Deathbonnet Sprout|5
Sharuum the Hegemon|5
Arachnogenesis|5
Illusory Angel|5
Mother Bear|5
Eye Collector|5
Cult Conscript|5
Honor-Worn Shaku|5
Hornet Sting|5
Snowfield Sinkhole|5
Elfhame Palace|5
Soul of Innistrad|5
Over the Edge|5
Awakening Zone|5
Bloodhusk Ritualist|5
Lumithread Field|5
Progenitor Mimic|5
Cave of Temptation|5
Breach the Multiverse|5
Picnic Ruiner|5
Prosperous Thief|5
Hollowhead Sliver|5
Olivia, Crimson Bride|5
Seedship Broodtender|5
Iroas, God of Victory|5
Isareth the Awakener|5
Shatter the Sky|5
Voidmage Husher|5
Spellweaver Volute|5
Sheltering Light|5
Skullsnatcher|5
Linden, the Steadfast Queen|5
Militia's Pride|5
Captain of the Watch|5
Seismic Rupture|5
Madblind Mountain|5
Greenweaver Druid|5
Vigor|5
Threefold Thunderhulk|5
Etali, Primal Storm|5
Death-Rattle Oni|5
Mystical Tutor|5
Bulwark Ox|5
Doomskar Titan|5
Enter the God-Eternals|5
Time Stop|5
Thought-Stalker Warlock|5
Force of Nature|5
Visions|5
Mist-Cloaked Herald|5
Domestication|5
Allosaurus Shepherd|5
Kami of the Crescent Moon|5
Shelter|5
Killing Wave|5
Break Ties|5
Eaten Alive|5
Unknown Shores|5
Trufflesnout|5
Release the Gremlins|5
Solemn Offering|5
Angler Turtle|5
Caretaker's Talent|5
Glowstone Recluse|5
So Tiny|5
Batterbone|5
Disinformation Campaign|5
Wistful Thinking|5
Sigil Blessing|5
Path of Mettle|5
Scouring Sands|5
Elvish Spirit Guide|5
Saddled Rimestag|5
Surgical Skullbomb|5
Eidolon of Obstruction|5
Jace, Mirror Mage|5
Ardent Elementalist|5
Dragonwing Glider|5
Tranquility|5
Necropolis Fiend|5
A-Unholy Heat|5
Bloodlord of Vaasgoth|5
Scroll of Isildur|5
Basal Sliver|5
Seraph of the Scales|5
Rod of Ruin|5
Orzhov Basilica|5
Mana Vault|5
Fight as One|5
Daxos of Meletis|5
Queza, Augur of Agonies|5
Skymarcher Aspirant|5
Nurturer Initiate|5
Grazing Gladehart|5
Compelling Deterrence|5
Scroll Thief|5
Echoing Courage|5
Offer Immortality|5
Team Pennant|5
Forerunner of the Empire|5
Angelic Accord|5
Nim Deathmantle|5
Prison Term|5
Confiscation Coup|5
Warteye Witch|5
Rescue from the Underworld|5
Angel of Grace|5
Gigantosaurus|5
Mavinda, Students' Advocate|5
Mercurial Transformation|5
Deepfathom Skulker|5
Oltec Matterweaver|5
Zero Point Ballad|5
Decimator Web|5
Riptide Pilferer|5
Basilica Stalker|5
Nested Shambler|5
Talion's Messenger|5
Aethergeode Miner|5
Bill the Pony|5
Vine Mare|5
Fodder Tosser|5
Gollum's Bite|5
Force Spike|5
Vitu-Ghazi, the City-Tree|5
Rampaging Raptor|5
Chaos Dragon|5
Harness by Force|5
Hunting Pack|5
Appetite for the Unnatural|5
Teferi's Tutelage|5
Carpet of Flowers|5
Emrakul's Messenger|5
Thoughtpicker Witch|5
Whisperer of the Wilds|5
Silumgar Sorcerer|5
Urgent Necropsy|5
River's Rebuke|5
Massacre Girl|5
Monstrous Vortex|5
Lurking Roper|5
Fodder Launch|5
Louisoix's Sacrifice|5
Triplicate Spirits|5
Jewel-Eyed Cobra|5
Confiscate|5
Dunland Crebain|5
Grim Servant|5
Crawl from the Cellar|5
Devilish Valet|5
Pentarch Ward|5
Marble Gargoyle|5
Goblin Motivator|5
Conclave Naturalists|5
Frantic Search|5
Shady Informant|5
Éowyn, Fearless Knight|5
Stonybrook Schoolmaster|5
Grixis Charm|5
Mistral Charger|5
Coordinated Assault|5
Archetype of Aggression|5
Shared Fate|5
First-Sphere Gargantua|5
Unbounded Potential|5
Embodiment of Agonies|5
Necrogen Rotpriest|5
Mage Slayer|5
Leyline Tyrant|5
Orator of Ojutai|5
Bringer of the Black Dawn|5
Flux Channeler|5
Krark, the Thumbless|5
Golem's Heart|5
Baral's Expertise|5
Geothermal Bog|5
Scour|5
Perish the Thought|5
Smash to Dust|5
Riveteers Requisitioner|5
Brain Freeze|5
Hide on the Ceiling|5
Nightshade Peddler|5
Abandoned Sarcophagus|5
Chain Reaction|5
Saving Grace|5
Temple of the Dragon Queen|5
Citanul Stalwart|5
Reckless Detective|5
Matzalantli, the Great Door|5
Wooded Ridgeline|5
Norn's Inquisitor|5
Phyrexian Etchings|5
Colossal Dreadmaw|5
Feast of Sanity|5
Contagion Engine|5
Imi Statue|5
Cleanfall|5
Dreamcatcher|5
Distant Melody|5
March from the Tomb|5
Berserk|4
Rakdos Roustabout|4
Whelming Wave|4
Gift of Strands|4
Toxic Scorpion|4
Zell Dincht|4
Start Your Engines|4
Basilisk Gate|4
Mercy Killing|4
Slavering Nulls|4
Confirm Suspicions|4
Crew Captain|4
Priest of Iroas|4
Burrowguard Mentor|4
Broodstar|4
Everquill Phoenix|4
Wayfaring Temple|4
Pack's Betrayal|4
Altar's Reap|4
Sarcomancy|4
Psionic Sliver|4
Skyknight Vanguard|4
Aerial Guide|4
Misthollow Griffin|4
Hibernation Sliver|4
Sanctifier of Souls|4
Hardlight Containment|4
Mindstab|4
Dimir Cutpurse|4
Atarka, World Render|4
Blooming Blast|4
Mystic Redaction|4
Armored Ascension|4
Cleric of the Forward Order|4
Sudden Reclamation|4
Meneldor, Swift Savior|4
Warden of the Grove|4
Forsaken City|4
Citadel Gate|4
Void Grafter|4
Double Cleave|4
Gleaming Barrier|4
Reaping the Graves|4
Nim Shrieker|4
Burn from Within|4
Force of Savagery|4
Teysa, Opulent Oligarch|4
Kami of Jealous Thirst|4
Call to the Feast|4
Wizard Replica|4
Adventuring Gear|4
Sanguine Brushstroke|4
Dust Elemental|4
Museum Nightwatch|4
Piercing Light|4
Tainted Wood|4
Raucous Carnival|4
Claws Out|4
Tizerus Charger|4
Tidespout Tyrant|4
Automated Artificer|4
Marvin, Murderous Mimic|4
Black Cat|4
Wingrattle Scarecrow|4
Revenge of the Drowned|4
Drana's Emissary|4
Processor Assault|4
Bishop's Soldier|4
Insult|4
Slash of Talons|4
Blister Beetle|4
Stirring Address|4
Cabaretti Charm|4
Boseiju Reaches Skyward|4
Cystbearer|4
Nomad Mythmaker|4
Hooded Blightfang|4
Ether|4
Giant Harbinger|4
Ghor-Clan Savage|4
Increasing Devotion|4
Contaminated Landscape|4
Fencer's Magemark|4
Patchwork Gnomes|4
Whiskerquill Scribe|4
Voldaren Pariah|4
Holy Strength|4
Fortune Thief|4
Currency Converter|4
Triumphant Adventurer|4
Perilous Landscape|4
Bond of Revival|4
Electrostatic Pummeler|4
Ovalchase Dragster|4
Sphinx of Lost Truths|4
Atraxa, Praetors' Voice|4
Burnished Hart|4
Hand of Cruelty|4
Trygon Prime|4
Kuja, Genome Sorcerer|4
Purge|4
Awakened Amalgam|4
Steamflogger Boss|4
Grim Draugr|4
Mass Manipulation|4
Spectral Interference|4
Hop to It|4
Gnarled Professor|4
Necropotence|4
Mischievous Mystic|4
Gisela, Blade of Goldnight|4
Rotlung Reanimator|4
Witch-king of Angmar|4
Oriss, Samite Guardian|4
Mind Twist|4
Dragon's Herald|4
Lavaball Trap|4
Defenestrated Phantom|4
Vengeful Rebel|4
Song of the Dryads|4
Tishana, Voice of Thunder|4
Rally the Forces|4
Time Vault|4
Inspiring Call|4
Memory Leak|4
Tocasia's Dig Site|4
Corrupted Shapeshifter|4
Stroke of Genius|4
Linessa, Zephyr Mage|4
Siren Song Lyre|4
Essence Harvest|4
Fake Your Own Death|4
Pure Intentions|4
Sprouting Renewal|4
Urza's Rebuff|4
Vodalian Arcanist|4
Savor|4
Temporal Distortion|4
Puncture Blast|4
Thorn Lieutenant|4
Man-o'-War|4
Suspension Field|4
Dispelling Exhale|4
Riku of Many Paths|4
Origin of Spider-Man|4
Fang of Shigeki|4
Pistus Strike|4
Foul-Tongue Shriek|4
Belltower Sphinx|4
Predict|4
Angel of the God-Pharaoh|4
Glint-Horn Buccaneer|4
Dimir Infiltrator|4
Delirium|4
Frostpyre Arcanist|4
Rush of Dread|4
Spectral Restitching|4
Valley Questcaller|4
Orochi Sustainer|4
Sunblade Elf|4
Unruly Mob|4
Fathom Fleet Captain|4
Malboro|4
Cubwarden|4
Conjurer's Closet|4
Auratog|4
Sanctuary Warden|4
Goblin Trapfinder|4
Alloy Myr|4
Ministrant of Obligation|4
Tail Swipe|4
Astrolabe|4
Sorcerer's Wand|4
Unpredictable Cyclone|4
Warden of Geometries|4
Bloodcrazed Hoplite|4
Hell's Caretaker|4
Flamecache Gecko|4
Baloth Woodcrasher|4
Roughshod Duo|4
Heraldic Banner|4
Cloud Key|4
Buried in the Garden|4
Feast of Blood|4
Evolution Sage|4
Sokenzan Smelter|4
Plated Sliver|4
Miasmic Mummy|4
Devoted Duelist|4
Dazzling Reflection|4
Generous Visitor|4
Pit Fight|4
Rakdos, Lord of Riots|4
Centaur Healer|4
Broken Ambitions|4
Graveborn Muse|4
You Meet in a Tavern|4
Oreskos Sun Guide|4
Witty Roastmaster|4
Stalking Stones|4
Molten-Tail Masticore|4
Sporeweb Weaver|4
Mortality Spear|4
Guardians of Oboro|4
Myr Servitor|4
Henrika Domnathi|4
Apple of Eden, Isu Relic|4
Deathcult Rogue|4
Massive Raid|4
Conspiracy Unraveler|4
Hermit Druid|4
Slaughter Specialist|4
Wasteland Scorpion|4
Korlash, Heir to Blackblade|4
Wing Splicer|4
Karametra's Acolyte|4
Ominous Traveler|4
Dog Walker|4
Sunbond|4
Druid of the Cowl|4
Goblin Shortcutter|4
Composite Golem|4
Shoreline Looter|4
Angrath, Captain of Chaos|4
Secrets of the Key|4
Carom|4
Glarewielder|4
God-Pharaoh's Faithful|4
Spark Jolt|4
Cerebral Confiscation|4
Extricator of Sin|4
Stinkdrinker Bandit|4
Shire Shirriff|4
Silverfur Partisan|4
Deadshot|4
Sensory Deprivation|4
Thallid Shell-Dweller|4
Obscuring Aether|4
Mana Seism|4
Wispdrinker Vampire|4
Exava, Rakdos Blood Witch|4
Sphinx of the Guildpact|4
Ruins Recluse|4
Roaring Primadox|4
Ultima, Origin of Oblivion|4
Deathgreeter|4
Kraken's Eye|4
Silklash Spider|4
Keen-Eared Sentry|4
Sedris, the Traitor King|4
Jarad, Golgari Lich Lord|4
Bloody Betrayal|4
Ixidron|4
The Tabernacle at Pendrell Vale|4
Nyx Infusion|4
Syndic of Tithes|4
Voidwing Hybrid|4
Opaline Sliver|4
Council of the Absolute|4
Gearsmith Prodigy|4
Haunt of the Dead Marshes|4
Progenitor Exarch|4
Symbiote Spider-Man|4
Bull's Strength|4
Aurelia, the Warleader|4
New Perspectives|4
Steelbane Hydra|4
Winged Coatl|4
Sigarda's Splendor|4
Lobelia Sackville-Baggins|4
Walker of the Wastes|4
Coastal Piracy|4
Foreboding Landscape|4
Ojutai's Breath|4
Check for Traps|4
Flow of Knowledge|4
Rakshasa's Secret|4
Just the Wind|4
Cunning Coyote|4
Easy Prey|4
Sanguine Indulgence|4
Gandalf the White|4
Ruthless Ripper|4
Boros Recruit|4
Demogorgon's Clutches|4
Feat of Resistance|4
Cleopatra, Exiled Pharaoh|4
Armed and Armored|4
Sunrise Sovereign|4
Pollen-Shield Hare|4
Rageblood Shaman|4
Arcbound Slasher|4
Spawn of Thraxes|4
Plumecreed Escort|4
Silhana Wayfinder|4
Protean Thaumaturge|4
Whitewater Naiads|4
Peacewalker Colossus|4
Locust Spray|4
Venerated Stormsinger|4
Merata, Neuron Hacker|4
Riot Piker|4
Flesh to Dust|4
Mechtitan Core|4
Moraug, Fury of Akoum|4
Meeting of the Five|4
District Mascot|4
Plan the Heist|4
Confront the Unknown|4
Coat with Venom|4
Garrison Cat|4
Esper Sojourners|4
Order of the Stars|4
Woodland Stream|4
Nullstone Gargoyle|4
Square Up|4
Carrion Grub|4
Grim Wanderer|4
Benevolent Blessing|4
Zoyowa's Justice|4
Strata Scythe|4
Gift of Immortality|4
Consult the Necrosages|4
Trap Essence|4
Ebondeath, Dracolich|4
Rouse the Mob|4
Ancient Lumberknot|4
Survival Cache|4
Riddle Gate Gargoyle|4
Maskwood Nexus|4
Irradiate|4
Solphim, Mayhem Dominus|4
Fortune's Favor|4
Pit Automaton|4
Moonhold|4
Afterburner Expert|4
Harald Unites the Elves|4
Valley Mightcaller|4
Multiple Choice|4
Impassioned Orator|4
Bala Ged Scorpion|4
Carrot Cake|4
Flensing Raptor|4
Rupture Spire|4
Pearl Medallion|4
Chandra's Magmutt|4
Diamond Mare|4
Skulking Ghost|4
Immolation Shaman|4
Faller's Faithful|4
Veteran Armorsmith|4
Will-Forged Golem|4
Niv-Mizzet, Supreme|4
Ardent Recruit|4
Gore-House Chainwalker|4
Shield-Wall Sentinel|4
Shelob's Ambush|4
Gempalm Polluter|4
Cursed Recording|4
Primeval Shambler|4
Packsong Pup|4
Arcbound Overseer|4
Mishra, Artificer Prodigy|4
Disappearing Act|4
Inspiring Veteran|4
Explosive Singularity|4
Silumgar, the Drifting Death|4
Valgavoth's Onslaught|4
Back for Seconds|4
Revive the Shire|4
Ordeal of Nylea|4
Borborygmos|4
Mystic Retrieval|4
Surtland Frostpyre|4
Renegade Doppelganger|4
Hit the Mother Lode|4
Halimar Wavewatch|4
Baird, Argivian Recruiter|4
Herd Migration|4
Spark of Creativity|4
Widespread Thieving|4
Silk, Web Weaver|4
Relic's Roar|4
Heedless One|4
Rakdos Augermage|4
Carnophage|4
Dutiful Thrull|4
Ignite Disorder|4
Timberland Ancient|4
Stolen by the Fae|4
Mortician Beetle|4
Day of Destiny|4
Mutable Explorer|4
Cornered by Black Mages|4
You Are Already Dead|4
Select for Inspection|4
Magosi, the Waterveil|4
Martyr of Frost|4
Nissa's Triumph|4
Pestilent Spirit|4
Agrus Kos, Spirit of Justice|4
Screams from Within|4
Dominating Vampire|4
Thermal Flux|4
For the Common Good|4
Jackal, Genius Geneticist|4
Lone Wolf|4
Kolvori, God of Kinship|4
Lead Pipe|4
Eddytrail Hawk|4
Assassinate|4
Battle-Scarred Goblin|4
Goblin Outlander|4
Tamiyo's Epiphany|4
Scholar of the Lost Trove|4
Full Moon's Rise|4
Blood Pet|4
Fearsome Whelp|4
Dragon Mantle|4
Branching Bolt|4
Wolfir Silverheart|4
Atraxa's Skitterfang|4
Sword of Wealth and Power|4
Rigging Runner|4
Auratouched Mage|4
Ghostflame Sliver|4
Neheb, the Eternal|4
Golden Guardian|4
Beacon of Creation|4
Romantic Rendezvous|4
Security Bypass|4
Tidehollow Strix|4
Pain Seer|4
Riddle of Lightning|4
Land Tax|4
All Suns' Dawn|4
A-Imperial Subduer|4
Raise Dead|4
Faith of the Devoted|4
Chaos Wand|4
Poetic Ingenuity|4
Mirrorhall Mimic|4
Prison Sentence|4
Valley Rotcaller|4
There and Back Again|4
Confront the Past|4
Elemental Appeal|4
Pattern Matcher|4
Mayael's Aria|4
Belligerent Sliver|4
Mangara, the Diplomat|4
Vanishment|4
Bartered Cow|4
Psychic Overload|4
Mire Boa|4
Devour Intellect|4
Scalding Devil|4
Fanatical Offering|4
Unholy Strength|4
Ivory Mask|4
Scute Mob|4
Pyrohemia|4
Active Volcano|4
Demonic Collusion|4
Elbrus, the Binding Blade|4
Naga Vitalist|4
Ghost-Lit Nourisher|4
Champion of the Flame|4
Ainok Survivalist|4
Llanowar Greenwidow|4
Incremental Blight|4
Teysa Karlov|4
Cynical Loner|4
Hedron Alignment|4
Unidentified Hovership|4
Second Sight|4
Timestream Navigator|4
Alloy Animist|4
Shattered Perception|4
Falco Spara, Pactweaver|4
Catapult Fodder|4
Pyrotechnic Performer|4
Nesting Bot|4
Bird Admirer|4
Plaxcaster Frogling|4
Hoarding Ogre|4
Riparian Tiger|4
Shuriken|4
Sardian Cliffstomper|4
Render Inert|4
Defense of the Heart|4
Fissure Wizard|4
Quandrix Pledgemage|4
Lazav, Dimir Mastermind|4
Oona's Grace|4
Hell Mongrel|4
Thran Power Suit|4
Rainbow Vale|4
Thought Vessel|4
Mesa Unicorn|4
Master's Rebuke|4
Energy Flux|4
Kuro's Taken|4
Index|4
Winged Sliver|4
Kitesail Corsair|4
Battlegate Mimic|4
Offalsnout|4
Veteran Survivor|4
Taigam, Master Opportunist|4
Mycosynth Golem|4
True Conviction|4
Yotian Dissident|4
Twinblade Geist|4
Mindless Automaton|4
Crystalline Sliver|4
Elemental Mastery|4
Flamespeaker Adept|4
Stir the Grave|4
Legion's Initiative|4
Beluna Grandsquall|4
Board the Weatherlight|4
Entity Tracker|4
Spectacular Tactics|4
Huatli's Raptor|4
Smite|4
Full Bore|4
Spell Snip|4
Lifecreed Duo|4
Mazirek, Kraul Death Priest|4
Academy Researchers|4
Reality Strobe|4
Waker of the Wilds|4
Aspect of Mongoose|4
Werebear|4
World-Weary|4
Blood Cultist|4
Surge of Thoughtweft|4
Footlight Fiend|4
Chronomantic Escape|4
Pack Leader|4
Erdwal Illuminator|4
Fae Flight|4
Crab Umbra|4
Take the Fall|4
Yavimaya Elder|4
Armament Master|4
Bello, Bard of the Brambles|4
Champion of Dusk|4
Flame-Wreathed Phoenix|4
Battlefield Promotion|4
Teach by Example|4
Narset's Rebuke|4
Festering Gulch|4
Cabal Ritual|4
Might of the Masses|4
Connecting the Dots|4
Encircling Fissure|4
Shepherd of Rot|4
Clearwater Goblet|4
Llanowar Elite|4
Geralf, Visionary Stitcher|4
Vampiric Fury|4
Lord of the Unreal|4
Twilight Prophet|4
Repurposing Bay|4
Sudden Breakthrough|4
Huatli's Snubhorn|4
Summon the School|4
Sphinx of Jwar Isle|4
Thoughtflare|4
Altar's Light|4
Vile Rebirth|4
Mirkwood Spider|4
Trumpeting Gnarr|4
Spinning Wheel Kick|4
Death-Hood Cobra|4
Undercity Eliminator|4
Barrow Naughty|4
Stoneshaker Shaman|4
Flip the Switch|4
Invade the City|4
Quest for the Gravelord|4
Deathgazer|4
Nimana Skydancer|4
Thorncaster Sliver|4
Evernight Shade|4
Goblin Deathraiders|4
Midnight Guard|4
Arwen Undomiel|4
Pulse of the Grid|4
Scroll of Griselbrand|4
Desert of the Glorified|4
Ghoulraiser|4
Nightmare Shepherd|4
Fungal Plots|4
Faceless Agent|4
Amorphous Axe|4
Crackleburr|4
Intrepid Paleontologist|4
Grim Reminder|4
Erebor Flamesmith|4
Tomebound Lich|4
Ezio Auditore da Firenze|4
Eriette's Tempting Apple|4
Thrull Surgeon|4
Roar of Reclamation|4
Blazing Torch|4
Bond of Agony|4
Perplex|4
Guul Draz Specter|4
Sumala Sentry|4
Fold into Aether|4
Oblivion's Hunger|4
Burnout Bashtronaut|4
Angelic Skirmisher|4
Benthic Criminologists|4
Dawnhart Disciple|4
Mabel, Heir to Cragflame|4
Banishing Stroke|4
Burning-Tree Bloodscale|4
Hazoret's Undying Fury|4
Steadfast Paladin|4
Triumph of the Hordes|4
Phyrexian Ironfoot|4
Oketra the True|4
Raccoon Rallier|4
Grasp of Fate|4
Bloodgift Demon|4
Dralnu, Lich Lord|4
Bolt of Keranos|4
Phyrexian Dreadnought|4
Crocanura|4
Built to Smash|4
Archetype of Courage|4
Pendelhaven Elder|4
Vampire Interloper|4
Persuasive Interrogators|4
Burrenton Bombardier|4
Karn's Touch|4
Gideon's Reproach|4
Aurelia, Exemplar of Justice|4
Wild Swing|4
Steam Vines|4
The Deck of Many Things|4
Armed // Dangerous|4
Turn to Frog|4
Edgewall Inn|4
Ainok Bond-Kin|4
Lightning Talons|4
Hellcarver Demon|4
Darksteel Brute|4
Jeering Instigator|4
Balance|4
Neighborhood Guardian|4
Moldervine Reclamation|4
Lens of Clarity|4
Rite of Passage|4
Unwanted Remake|4
Light from Within|4
Atris, Oracle of Half-Truths|4
Kefka, Court Mage|4
Toby, Beastie Befriender|4
Sonar Strike|4
Blood Seeker|4
Burst of Strength|4
Myr Landshaper|4
Flitting Guerrilla|4
Deadeye Harpooner|4
Dai Li Indoctrination|4
Lavastep Raider|4
Stasis|4
Hinterland Sanctifier|4
Untamed Kavu|4
Bosh, Iron Golem|4
Reverence|4
Master of Pearls|4
Praetor's Grasp|4
Nightmare Incursion|4
Bloodmark Mentor|4
Spidersilk Armor|4
Loyal Cathar|4
Hellhole Rats|4
Rakdos Guildmage|4
Alms Beast|4
Powerstone Shard|4
Crashing Tide|4
Search for Survivors|4
Resilient Khenra|4
Thraben Gargoyle|4
Fiery Confluence|4
Arcbound Shikari|4
Nevermaker|4
Trigon of Infestation|4
Rootcoil Creeper|4
Undead Alchemist|4
Goblin Mountaineer|4
Sinkhole|4
Crystal Shard|4
Gorex, the Tombshell|4
Benevolent Ancestor|4
Override|4
Elegy Acolyte|4
Behind the Mask|4
Fractal Summoning|4
Ruin Raider|4
Gyre Sage|4
Bloomvine Regent|4
Kolodin, Triumph Caster|4
Kazandu Tuskcaller|4
Guardian of Pilgrims|4
Contaminated Aquifer|4
Gandalf the Grey|4
Urabrask, Heretic Praetor|4
Opportunity|4
Indebted Spirit|4
Bladeback Sliver|4
Void Beckoner|4
Thornvault Forager|4
Forsaken Sanctuary|4
Oubliette|4
Sigil of the Nayan Gods|4
Desert of the Mindful|4
Take Vengeance|4
Leonin Scimitar|4
Crumb and Get It|4
Bria, Riptide Rogue|4
Venerable Knight|4
Guildmages' Forum|4
Lunar Convocation|4
Dragon Whelp|4
Druidic Satchel|4
Curse of the Cabal|4
Sight Beyond Sight|4
Return from Extinction|4
Highland Berserker|4
Sprout|4
Jungle Shrine|4
Apocalypse Hydra|4
Necroblossom Snarl|4
Necrogen Scudder|4
Razaketh, the Foulblooded|4
Sigarda's Imprisonment|4
Ashenmoor Gouger|4
Light of Promise|4
Glacial Ray|4
Cackling Counterpart|4
Trapped in the Screen|4
Boompile|4
Mage il-Vec|4
Resurrection|4
Animating Faerie|4
Fuming Effigy|4
Darksteel Garrison|4
Quicksmith Rebel|4
Spellweaver Eternal|4
Long River's Pull|4
Armada Wurm|4
Moonring Island|4
Arcbound Bruiser|4
Wasteland Viper|4
Primal Adversary|4
Crimson Acolyte|4
Desecrated Tomb|4
Armor Thrull|4
Thatcher Revolt|4
Murkfiend Liege|4
Vines of the Recluse|4
Nulltread Gargantuan|4
Marionette Master|4
Call to Mind|4
Ezuri's Predation|4
Steward of Valeron|4
Ferocification|4
Biolume Egg|4
Arrest|4
Khenra Eternal|4
Omenspeaker|4
Akki Ember-Keeper|4
Hollowsage|4
Harried Spearguard|4
Restart Sequence|4
Jugan Defends the Temple|4
Long List of the Ents|4
Tannuk, Steadfast Second|4
Soul Manipulation|4
Coveted Jewel|4
Furnace Hellkite|4
Deep-Sea Kraken|4
Winged Shepherd|4
Gideon's Triumph|4
Sky Swallower|4
Metallurgic Summonings|4
Cauldron Haze|4
Dusk Urchins|4
Stormchaser Drake|4
Lantern Flare|4
Prizefight|4
Nettle Drone|4
Orcish Cannonade|4
Aurelia, the Law Above|4
Unyaro Bees|4
Lorescale Coatl|4
Suntail Hawk|4
Vedalken Infiltrator|4
Akki Rockspeaker|4
Crow of Dark Tidings|4
Convolute|4
Megantic Sliver|4
Errant Ephemeron|4
Semester's End|4
Deputy of Acquittals|4
Dragon Grip|4
The First Iroan Games|4
Ion Storm|4
One with Nothing|4
Jace, Arcane Strategist|4
Open the Gates|4
Roar of Jukai|4
Presumed Dead|4
Warren Warleader|4
Agent of Erebos|4
Honor's Reward|4
Raging Regisaur|4
Tuskguard Captain|4
Luis, Pompous Pillager|4
Brave-Kin Duo|4
Boundless Realms|4
Aeronaut's Wings|4
Golgari Germination|4
Gearseeker Serpent|4
Splatter Thug|4
Kingpin's Pet|4
Goblin Cannon|4
Lantern Kami|4
Fossil Find|4
Rot Farm Mortipede|4
Greenseeker|4
Servant of the Scale|4
Weight of Spires|4
Three Visits|4
Strength of Will|4
Zhur-Taa Druid|4
Gathering Throng|4
Coastal Tower|4
Obsidian Fireheart|4
Agent of the Fates|4
Seasoned Dungeoneer|4
Sword of Once and Future|4
Court Street Denizen|4
Alley Evasion|4
Heated Debate|4
Elenda's Hierophant|4
Archpriest of Iona|4
Careful Study|4
Vraska's Fall|4
Dwarven Hammer|4
Inquisitive Glimmer|4
Firja's Retribution|4
Crowd of Cinders|4
Scrollshift|4
Urza's Sylex|4
Capsize|4
Temur Charger|4
Dynamite Diver|4
Demon Wall|4
Startled Awake|4
Ramosian Rally|4
Status // Statue|4
Ayara's Oathsworn|4
Debt to the Deathless|4
Necrogen Communion|4
Sarkhan, Soul Aflame|4
Mardu Siegebreaker|4
Icefeather Aven|4
Honored Hierarch|4
Lightning Stormkin|4
Marauding Blight-Priest|4
Gilt-Blade Prowler|4
Brotherhood Headquarters|4
Forgeborn Oreads|4
Scorch Spitter|4
Invigorating Surge|4
Send to Sleep|4
Tethmos High Priest|4
Shadowstorm Vizier|4
Pariah|4
Soltari Priest|4
Trail of Mystery|4
Loam Larva|4
Cliffgate|4
Snapdax, Apex of the Hunt|4
Otherworldly Journey|4
Deepfathom Echo|4
Crowd's Favor|4
Dawntreader Elk|4
Bottle Golems|4
Fear of Isolation|4
Lash of the Balrog|4
Mirror Mockery|4
Brambleguard Captain|4
Town-Razer Tyrant|4
Impetuous Sunchaser|4
Barrels of Blasting Jelly|4
Famished Paladin|4
Corpseberry Cultivator|4
Tender Wildguide|4
Wanted Scoundrels|4
Rix Maadi, Dungeon Palace|3
Mischievous Catgeist|3
Vedalken Outlander|3
Copycrook|3
Minsc, Beloved Ranger|3
Third Path Savant|3
Presence of Gond|3
Gruff Triplets|3
Road Rage|3
Slum Reaper|3
Evil Twin|3
Dual Shot|3
Coruscation Mage|3
Shunt|3
Syr Konrad, the Grim|3
Bishop of Rebirth|3
Cori Mountain Stalwart|3
Nature's Will|3
Crush Underfoot|3
Soured Springs|3
Goblin Assailant|3
Sigrid, God-Favored|3
Profane Procession|3
Galadhrim Brigade|3
Faerie Guidemother|3
No Witnesses|3
Overgrown Pest|3
Obstinate Gargoyle|3
Eddymurk Crab|3
Mirran Safehouse|3
Ojer Taq, Deepest Foundation|3
Sanctum of Stone Fangs|3
Boon-Bringer Valkyrie|3
Hope Tender|3
Elephant Guide|3
Kraul Warrior|3
Immortal Phoenix|3
Regress|3
Yuriko, the Tiger's Shadow|3
Tectonic Reformation|3
Myojin of Infinite Rage|3
Phantasmal Abomination|3
Poet's Quill|3
Minamo's Meddling|3
Théoden, King of Rohan|3
Crypt Champion|3
Opaline Unicorn|3
Kindred Boon|3
Festering Mummy|3
Fate Transfer|3
Gluttonous Guest|3
Corrosion|3
Winter's Rest|3
Sanitation Automaton|3
Gaea's Anthem|3
Liar's Pendulum|3
Soul of the Harvest|3
Hidden Dragonslayer|3
Disciple of the Sun|3
River Kelpie|3
Persistent Specimen|3
Fblthp, Lost on the Range|3
Eagle Vision|3
Soulsworn Jury|3
Collective Voyage|3
Runed Servitor|3
Reaper's Talisman|3
Viscera Dragger|3
Gavony Ironwright|3
Skycrash|3
The Fair Basilica|3
Vengeful Bloodwitch|3
Smitten Swordmaster|3
Web|3
Swarming of Moria|3
Web Up|3
Heliod, the Radiant Dawn|3
Daemogoth Titan|3
Skyhunter Cub|3
Venerated Teacher|3
Dismantling Blow|3
Hostility|3
Fate Forgotten|3
Back to Basics|3
Reasonable Doubt|3
Akroan Hoplite|3
Brass Squire|3
Anchor to the Aether|3
World Shaper|3
Goblin Razerunners|3
Brood Monitor|3
Depart the Realm|3
Brindle Shoat|3
Spectral Lynx|3
Voice of Reason|3
Dread Statuary|3
Stasis Field|3
Tendrils of Agony|3
Stave Off|3
Outwit|3
Phyrexian Awakening|3
Territory Culler|3
Dramatic Accusation|3
Covetous Urge|3
Leafkin Druid|3
Ring of Valkas|3
Hindervines|3
Die Young|3
Nissa's Revelation|3
Waking the Trolls|3
Tormentor's Helm|3
Arcbound Condor|3
Solid Footing|3
Branchblight Stalker|3
Terror of Towashi|3
Bear Cub|3
Repeat Offender|3
Barbarian Class|3
Stingblade Assassin|3
Kotis, the Fangkeeper|3
Static Discharge|3
Howling Moon|3
Kytheon's Tactics|3
Improvised Club|3
Unruly Catapult|3
Obelisk of Alara|3
Turn to Dust|3
Drafna, Founder of Lat-Nam|3
Undying Flames|3
Rubblebelt Braggart|3
Gearbane Orangutan|3
Ghoulcaller's Chant|3
Hotshot Investigators|3
Nadir Kraken|3
Gadget Technician|3
Savage Stomp|3
Hellion Eruption|3
Jarsyl, Dark Age Scion|3
Fowl Strike|3
Demanding Dragon|3
Expropriate|3
War of the Last Alliance|3
Cathars' Crusade|3
Awe Strike|3
Swift Justice|3
Nashi, Moon's Legacy|3
Cream of the Crop|3
Mind's Eye|3
Golgari Findbroker|3
Makeshift Mauler|3
Silvergill Douser|3
Deconstruct|3
Sulfurous Blast|3
Tyrranax Atrocity|3
Scrapshooter|3
Curse of Echoes|3
Raking Claws|3
Goblin Oriflamme|3
Painter's Studio|3
Wrecking Ball|3
Essence Symbiote|3
Blisterspit Gremlin|3
Kemba, Kha Regent|3
Arcane Bombardment|3
Delina, Wild Mage|3
Elusive Krasis|3
Bitter Chill|3
Timesifter|3
Drainpipe Vermin|3
Sailor of Means|3
Star of Extinction|3
Daily Regimen|3
Skyblinder Staff|3
Necrogen Censer|3
Oath of the Grey Host|3
Angel's Mercy|3
Creepy Doll|3
Umara Entangler|3
Aerie Auxiliary|3
Markov Blademaster|3
Phyrexian Juggernaut|3
Enlightened Tutor|3
Bloodcrazed Neonate|3
Icy Blast|3
Glyph Keeper|3
Tainted Sigil|3
Juniper Order Ranger|3
Duskwielder|3
Mystic Confluence|3
Retrofitted Transmogrant|3
Eastern Paladin|3
Throw from the Saddle|3
The Chase Is On|3
Cower in Fear|3
Cerebral Eruption|3
Grim Bounty|3
Gix's Command|3
Scuttletide|3
Barbed Spike|3
Glacial Chasm|3
Simic Initiate|3
A-Goldspan Dragon|3
Merciless Resolve|3
Levitating Statue|3
Ravnica at War|3
Knight of Sursi|3
Luminescent Rain|3
Unstable Footing|3
Mahamoti Djinn|3
Warmonger's Chariot|3
Reality Acid|3
Risona, Asari Commander|3
Healing Grace|3
Whirlwind of Thought|3
Eden, Seat of the Sanctum|3
Orochi Hatchery|3
Hammer of Nazahn|3
Agate Assault|3
Muster the Departed|3
Heart of Light|3
Memorial to Unity|3
Treetop Scout|3
Ledev Champion|3
Dread of Night|3
Replicating Ring|3
Shrewd Hatchling|3
Chandra Ablaze|3
Slumbering Keepguard|3
Fighter Class|3
Kellan Joins Up|3
Festival of Embers|3
Thassa's Intervention|3
Crashing Drawbridge|3
Jund Panorama|3
Thraben Watcher|3
Centaur Peacemaker|3
Tannuk, Memorial Ensign|3
Expedition Healer|3
Inspired Charge|3
Plated Pegasus|3
Merrow Witsniper|3
Llanowar Scout|3
Ademi of the Silkchutes|3
Zendikar's Roil|3
Reinforcements|3
Stealth Mission|3
Nazahn, Revered Bladesmith|3
Tormented Soul|3
Splicer's Skill|3
Jaya's Greeting|3
Thwart|3
Clement, the Worrywort|3
Island Sanctuary|3
Festerleech|3
Purphoros, Bronze-Blooded|3
Long Road Home|3
Eyeless Watcher|3
Niko Aris|3
Golem-Skin Gauntlets|3
Inspired Inventor|3
Dreamtail Heron|3
Unbreathing Horde|3
Loxodon Eavesdropper|3
Ancestral Blade|3
Molten Duplication|3
Relic Amulet|3
Oran-Rief Ooze|3
The Unspeakable|3
Serpentine Ambush|3
Ochre Jelly|3
Tinker|3
Recurring Nightmare|3
Rescue Retriever|3
Common Bond|3
Venarian Glimmer|3
Balefire Dragon|3
Unholy Grotto|3
Crucible of Fire|3
Stenn, Paranoid Partisan|3
Blinkmoth Urn|3
Frontline Rush|3
Isao, Enlightened Bushi|3
Blinding Angel|3
Stormshriek Feral|3
Gift of Paradise|3
Murder Investigation|3
Bushi Tenderfoot|3
Dark-Dweller Oracle|3
Bannerhide Krushok|3
Forest Bear|3
Innocent Bystander|3
Radiant Epicure|3
Horn of Gondor|3
Ego Drain|3
Trustworthy Scout|3
Clackbridge Troll|3
Jund Hackblade|3
Deathknell Berserker|3
Bestial Bloodline|3
Destroy the Evidence|3
Callous Dismissal|3
Pyretic Rebirth|3
Spring-Leaf Avenger|3
Artillerize|3
Indomitable Ancients|3
Jawbone Duelist|3
Spawning Bed|3
Alpine Guide|3
Spirit Summoning|3
Mascot Interception|3
Skittering Kitten|3
Folio of Fancies|3
Archon of Absolution|3
Monologue Tax|3
Phantom General|3
Goblin Traprunner|3
Kitnap|3
Worldslayer|3
Natural End|3
Puppeteer Clique|3
Battle Rampart|3
Survivors' Encampment|3
Azor's Elocutors|3
Dawnhart Rejuvenator|3
Barad-dûr|3
Academic Probation|3
Eerie Procession|3
Quick Study|3
Emergency Weld|3
Hammerhand|3
Blustersquall|3
Rigo, Streetwise Mentor|3
Inherited Envelope|3
A-Minsc & Boo, Timeless Heroes|3
Bygone Colossus|3
Mage's Attendant|3
Enduring Sliver|3
Yavimaya Sojourner|3
Kor Celebrant|3
Pixie Illusionist|3
Mines of Moria|3
Hostile Negotiations|3
Selfless Cathar|3
Mentor's Guidance|3
Systems Override|3
Vampire Neonate|3
Rise|3
Kaervek the Merciless|3
Relief Captain|3
Grovetender Druids|3
Fierce Retribution|3
Kentaro, the Smiling Cat|3
Frostwind Invoker|3
Favor of the Overbeing|3
Archaeomancer's Map|3
Seraph of the Masses|3
Drana, Kalastria Bloodchief|3
Spoils of War|3
Jetmir, Nexus of Revels|3
Queen Kayla bin-Kroog|3
Ring of Evos Isle|3
Deny Existence|3
Svella, Ice Shaper|3
Cenn's Enlistment|3
Prowler's Helm|3
Irresistible Prey|3
Explosive Derailment|3
Obzedat's Aid|3
Lumberknot|3
Prepare // Fight|3
The Great Aurora|3
Whirlpool Whelm|3
Defiler of Vigor|3
Guardian of the Guildpact|3
City Pigeon|3
Story Seeker|3
Scour All Possibilities|3
Pompous Gadabout|3
Circle of the Land Druid|3
Realmbreaker's Grasp|3
Radiant Purge|3
Fell Horseman|3
Judge Unworthy|3
Aethersnipe|3
Trailtracker Scout|3
Case of the Pilfered Proof|3
Sunscourge Champion|3
Bringer of the Blue Dawn|3
Wild-Field Scarecrow|3
Burden of Proof|3
Sinister Concoction|3
Starbreach Whale|3
Invocation of Saint Traft|3
Wandering Wolf|3
Travel Preparations|3
Shadows of the Past|3
Black Waltz No. 3|3
Price of Freedom|3
Elvish Warrior|3
Lat-Nam Adept|3
Archfiend of Sorrows|3
Foundry Helix|3
Eyes in the Skies|3
Darksteel Forge|3
Zagoth Mamba|3
Susurian Voidborn|3
Spitemare|3
Cinder Barrens|3
Stingerfling Spider|3
Rise of the Dread Marn|3
Karlov Watchdog|3
Cathedral Membrane|3
Myriad Landscape|3
Thraben Valiant|3
Meathook Massacre II|3
Zombie Master|3
Jetmir's Fixer|3
Captive Weird|3
Practical Research|3
Valley Dasher|3
Gruul War Chant|3
Necromancer's Familiar|3
Raid Bombardment|3
Roar of Challenge|3
Celestial Unicorn|3
Gruesome Menagerie|3
Reach of Branches|3
Gisa's Bidding|3
Prison Realm|3
Glint|3
Plague Spitter|3
Corroding Dragonstorm|3
Brambleguard Veteran|3
Riverfall Mimic|3
Vampire Outcasts|3
God-Eternal Rhonas|3
Carrier Thrall|3
Laid to Rest|3
Soul's Grace|3
Ruthless Negotiation|3
Hobgoblin Captain|3
Pilfering Imp|3
Lord of Extinction|3
Squire|3
Veteran Swordsmith|3
Concealed Weapon|3
Kethek, Crucible Goliath|3
Funeral Room // Awakening Hall|3
Fetid Gargantua|3
Acquire|3
Tezzeret, Artifice Master|3
Spawn-Gang Commander|3
Fatal Blow|3
Martial Glory|3
Bountiful Landscape|3
Thought Collapse|3
Hydrolash|3
Leaf Arrow|3
Cavalier of Gales|3
Breathless Knight|3
Viridian Betrayers|3
Always Watching|3
Suspicious Detonation|3
Disturbing Conversion|3
Teachings of the Kirin|3
Boggart Forager|3
Shields of Velis Vel|3
Shrapnel Slinger|3
Abyssal Harvester|3
Sungrace Pegasus|3
Shared Discovery|3
Oblivion Strike|3
Bloodrite Invoker|3
Breaker of Armies|3
Bubble Smuggler|3
Razorlash Transmogrant|3
Invasion of Theros|3
Elven Ambush|3
The Magic Mirror|3
Clear the Mind|3
Driver of the Dead|3
Tetsuko Umezawa, Fugitive|3
Mana Clash|3
Umezawa's Charm|3
Looming Spires|3
The Hunger Tide Rises|3
Wandertale Mentor|3
Mind's Desire|3
Voidstone Gargoyle|3
Gatebreaker Ram|3
Structural Distortion|3
Perish|3
Boots of Speed|3
The Everflowing Well|3
Thrive|3
Kokusho, the Evening Star|3
Tamanoa|3
Renounce|3
Gixian Puppeteer|3
Foul Watcher|3
Errant, Street Artist|3
Horrific Assault|3
Goblin Wizardry|3
Saruman's Trickery|3
Waxing Moon|3
Forerunner of Slaughter|3
Auger Spree|3
Doc Aurlock, Grizzled Genius|3
Trostani, Three Whispers|3
Jungleborn Pioneer|3
Wing Commando|3
Inspired Ultimatum|3
Clattering Augur|3
Huatli's Spurring|3
Serum Visionary|3
Admiral Beckett Brass|3
Talion, the Kindly Lord|3
Chronicler of Heroes|3
Darksteel Axe|3
God-Eternal Bontu|3
Stoic Sphinx|3
Felothar, Dawn of the Abzan|3
Odric, Master Tactician|3
Sibsig Muckdraggers|3
Raze to the Ground|3
Touch of Moonglove|3
Sphinx-Bone Wand|3
Golden Argosy|3
Silverquill Command|3
Befoul|3
Panic Spellbomb|3
Rune of Protection: Red|3
Icebreaker Kraken|3
Answered Prayers|3
Fanatic of Xenagos|3
Boggart Shenanigans|3
Anafenza, Unyielding Lineage|3
Umara Raptor|3
Kwende, Pride of Femeref|3
Yuan-Ti Malison|3
Kodama of the West Tree|3
Zealous Guardian|3
Doomed Necromancer|3
Veyran, Voice of Duality|3
The Eternity Elevator|3
Mantle of Webs|3
Emissary of Soulfire|3
Hatchery Sliver|3
Veilborn Ghoul|3
Scour from Existence|3
Basalt Monolith|3
A-Eiganjo Exemplar|3
Pelakka Wurm|3
Gruesome Realization|3
Unburden|3
Circular Logic|3
Dirgur Island Dragon|3
Goblin Caves|3
Spider Spawning|3
Valduk, Keeper of the Flame|3
Dusk Legion Duelist|3
Admonition Angel|3
Dusk Mangler|3
Torrent Elemental|3
Deadly Riposte|3
Encase in Ice|3
Sea Gate Loremaster|3
Faramir, Field Commander|3
Tilonalli's Skinshifter|3
Candlestick|3
Massacre Girl, Known Killer|3
Knotvine Mystic|3
Floodhound|3
Merieke Ri Berit|3
Barbed Batterfist|3
Proud Wildbonder|3
Volition Reins|3
Bloated Processor|3
Market Festival|3
Harvester of Souls|3
Krydle of Baldur's Gate|3
Bucolic Ranch|3
Kaervek's Torch|3
Soulless Revival|3
Cosmium Confluence|3
Order of Midnight|3
Essence Backlash|3
Feed the Pack|3
Frazzle|3
Goblin Bangchuckers|3
Ulasht, the Hate Seed|3
Silver Knight|3
Drag to the Underworld|3
Righteous Blow|3
Scytheclaw Raptor|3
Miscalculation|3
Eternal Dragon|3
Barbed Servitor|3
Knotvine Paladin|3
Skeletal Changeling|3
Revenant|3
Mausoleum Guard|3
Thieving Sprite|3
Obscura Interceptor|3
Starnheim Aspirant|3
Cabaretti Revels|3
Imperial Seal|3
Twilight Shepherd|3
Vitu-Ghazi Inspector|3
Narcolepsy|3
Nykthos Paragon|3
Imperious Oligarch|3
Arcanis the Omnipotent|3
Boartusk Liege|3
Hidetsugu and Kairi|3
Fellwar Stone|3
Dehydration|3
Forbidding Spirit|3
Goatnap|3
Fortified Rampart|3
Keep Safe|3
White Plume Adventurer|3
Magus of the Library|3
Eviscerator's Insight|3
Ironhoof Boar|3
Quilled Sliver|3
Ashling, Flame Dancer|3
Skirmish Rhino|3
Icehide Troll|3
Instigator Gang|3
Dwarven Blastminer|3
Spinneret Sliver|3
Etherium Spinner|3
Subtle Strike|3
Ringwraiths|3
Polygraph Orb|3
Chill|3
On the Job|3
Ancient Greenwarden|3
Lashweed Lurker|3
Wild Leotau|3
Phyrexian Ghoul|3
Revenge of Ravens|3
Diminishing Returns|3
Antagonize|3
Mob|3
Guul Draz Assassin|3
Dragon Turtle|3
Hydra Broodmaster|3
Massacre|3
Iron Myr|3
Phalanx Leader|3
Capenna Express|3
Erebos, Bleak-Hearted|3
Attentive Skywarden|3
Seraph of Dawn|3
Gnottvold Slumbermound|3
Brazen Collector|3
Drossclaw|3
Escape Protocol|3
Security Rhox|3
Desperate Measures|3
Contagious Vorrac|3
Momentous Fall|3
Skyblade's Boon|3
Grim Return|3
Inquisitor's Flail|3
Scuzzback Scrapper|3
Lookout's Dispersal|3
Dunerider Outlaw|3
Gift of the Gargantuan|3
Fiery Gambit|3
Harpoon Sniper|3
Dragon Hunter|3
Poison-Tip Archer|3
Kaleidoscorch|3
Maralen of the Mornsong|3
Jwari Scuttler|3
Cryptex|3
Retributive Wand|3
Borderland Ranger|3
Izzet Generatorium|3
Lunarch Mantle|3
Vanquisher's Banner|3
Jwar Isle Refuge|3
Tremor|3
Vance's Blasting Cannons|3
Archfiend of Depravity|3
Thistledown Duo|3
Cultivator's Caravan|3
Alabaster Host Sanctifier|3
Hunt for Specimens|3
Sensor Splicer|3
Zagras, Thief of Heartbeats|3
Corrupt|3
Fleet Swallower|3
Lotleth Giant|3
Arcanist's Owl|3
Kruin Striker|3
Nightshade Dryad|3
Viscerid Deepwalker|3
Temporal Eddy|3
Call the Skybreaker|3
Squirrel Nest|3
Controlled Instincts|3
Twisted Sewer-Witch|3
Brokers Ascendancy|3
Merfolk Skydiver|3
Knight-Captain of Eos|3
Sanitarium Skeleton|3
Explorer's Cache|3
Profaner of the Dead|3
Ulrich of the Krallenhorde|3
Abattoir Ghoul|2
Primeval Bounty|2
Congregation Gryff|2
Tandem Tactics|2
Boreal Outrider|2
Tempest Harvester|2
Nim Lasher|2
Bleeding Woods|2
Cinderheart Giant|2
Burnout|2
Spike Weaver|2
Murk Strider|2
Graypelt Hunter|2
Bruna, Light of Alabaster|2
Seraphic Steed|2
Surtland Flinger|2
Garruk's Horde|2
Eluge, the Shoreless Sea|2
Search Warrant|2
Dark Tutelage|2
Kederekt Leviathan|2
Hapless Researcher|2
Hidden Grotto|2
Steel Wrecking Ball|2
Crackle with Power|2
Charforger|2
Myr Kinsmith|2
Elvish Aberration|2
Hazoret, Godseeker|2
Selesnya Guildmage|2
Inkfathom Divers|2
Speakeasy Server|2
Druid of the Anima|2
Thick-Skinned Goblin|2
Touch of the Void|2
Ancient Vendetta|2
Patron of the Arts|2
Stir the Sands|2
Electrostatic Blast|2
Azra Smokeshaper|2
Drowner of Secrets|2
Shadow of the Second Sun|2
Mystic Archaeologist|2
Boar Umbra|2
Blightwidow|2
Vault of Champions|2
Titania's Boon|2
Giant Oyster|2
Swashbuckler Extraordinaire|2
Seraph of the Sword|2
Vexing Scuttler|2
Guardian Kirin|2
Wild Pack Squad|2
Quilled Wolf|2
Thousand Moons Smithy|2
Furnace Dragon|2
Icebind Pillar|2
Jaya's Immolating Inferno|2
Rustrazor Butcher|2
Invasion of New Phyrexia|2
Old Stickfingers|2
Gilded Pinions|2
Corpsehatch|2
Barrage of Expendables|2
Mabel's Mettle|2
Stronghold Overseer|2
Mind Slash|2
Desmond Miles|2
Dromoka's Gift|2
Chastise|2
Ever After|2
Pondering Mage|2
Looter il-Kor|2
Castle|2
Oboro Breezecaller|2
Shadowborn Demon|2
Pterodon Knight|2
Mukotai Ambusher|2
Pest Infestation|2
Silver Scrutiny|2
Transplant Theorist|2
Flowerfoot Swordmaster|2
Downsize|2
Spring-Loaded Sawblades|2
Arni Brokenbrow|2
Guildscorn Ward|2
Arcbound Whelp|2
Fleeting Distraction|2
Fierce Guardianship|2
Restore|2
Shadrix Silverquill|2
Shimmer Myr|2
Soul of Emancipation|2
Merfolk Skyscout|2
Enatu Golem|2
Sun-Blessed Healer|2
Worthy Knight|2
Pounce|2
Band Together|2
The Locust God|2
Piercing Rays|2
Lathril, Blade of the Elves|2
Dark Impostor|2
Campaign of Vengeance|2
Two-Headed Hunter|2
Ring of Three Wishes|2
Dreamshackle Geist|2
Gluttonous Slime|2
Totentanz, Swarm Piper|2
Kaya, Ghost Assassin|2
Tidal Terror|2
Terrain Elemental|2
Edward Kenway|2
Necrogenesis|2
Weapon Surge|2
Annihilating Fire|2
Scrapyard Salvo|2
Tattermunge Witch|2
Deflection|2
Colossal Dreadmask|2
Garland, Knight of Cornelia|2
Volley Veteran|2
Unstoppable Ash|2
Titania's Song|2
Staunch Defenders|2
Spearbreaker Behemoth|2
Gates Ablaze|2
Barrier Breach|2
Ikiral Outrider|2
Asphyxiate|2
Millikin|2
Glacier Godmaw|2
Plagiarize|2
Learn from the Past|2
Applied Biomancy|2
Coati Scavenger|2
Corpses of the Lost|2
Treefolk Umbra|2
Wall of Mulch|2
Invasion of Kamigawa|2
Repel Intruders|2
Spawnbroker|2
Mournwhelk|2
Smokestack|2
Indomitable Will|2
Mavren Fein, Dusk Apostle|2
Cruel Revival|2
Jeskai Sage|2
Flayer Drone|2
Lone Revenant|2
Izoni, Center of the Web|2
Release the Dogs|2
O-Naginata|2
Undercity Shade|2
Eerie Ultimatum|2
Lys Alana Huntmaster|2
Frantic Scapegoat|2
Military Intelligence|2
Devious Cover-Up|2
Dominator Drone|2
Execute|2
Fiery Emancipation|2
Perilous Iteration|2
Hidden Nursery|2
Hellkite Courser|2
Murmuring Phantasm|2
Tangled Skyline|2
Inordinate Rage|2
Taranika, Akroan Veteran|2
Myr Convert|2
Dwarven Reinforcements|2
Plated Onslaught|2
Kor Blademaster|2
Unholy Officiant|2
Syr Vondam, Sunstar Exemplar|2
Bolt Hound|2
Blind Hunter|2
Phosphorescent Feast|2
Caustic Crawler|2
Kashi-Tribe Elite|2
Ordeal of Heliod|2
Bringer of the Green Dawn|2
The Regalia|2
Voracious Vampire|2
Colossal Majesty|2
Flameshadow Conjuring|2
Mystic Subdual|2
Edge of the Divinity|2
Ramroller|2
Jester's Scepter|2
Storm-Kiln Artist|2
Adventure Awaits|2
Gift of Wrath|2
Mirror Sheen|2
Skyreaping|2
Wipe Clean|2
Angelic Curator|2
Thran Golem|2
Solidarity of Heroes|2
Path of Ancestry|2
Celestial Force|2
Serpent-Blade Assailant|2
Shizuko, Caller of Autumn|2
Borderland Behemoth|2
Titan Forge|2
Family Reunion|2
Warmth|2
Phyrexian Digester|2
Akki Ronin|2
Olivia, Mobilized for War|2
Quakefoot Cyclops|2
Zof Shade|2
Crushing Vines|2
Kindred Discovery|2
Sanctum of Fruitful Harvest|2
Mind Raker|2
Honor Guard|2
Cartouche of Ambition|2
Yotian Medic|2
Giltspire Avenger|2
Assure // Assemble|2
Tishana's Wayfinder|2
Ruinous Ultimatum|2
Chaos Imps|2
Beastbreaker of Bala Ged|2
Lay Bare the Heart|2
Intuition|2
Soulblade Djinn|2
Gwafa Hazid, Profiteer|2
Urza's Armor|2
Reaper from the Abyss|2
Polluted Bonds|2
Retreat to Emeria|2
Hellion Crucible|2
Disaster Radius|2
Rags // Riches|2
Eyes of the Beholder|2
Deeproot Champion|2
Bloodcrazed Socialite|2
Rise of the Witch-king|2
Soul Ransom|2
Sarkhan's Resolve|2
Downpour|2
Demonic Appetite|2
Flameskull|2
Stern Constable|2
Foray of Orcs|2
Apex of Power|2
Patron of the Orochi|2
Rise from the Tides|2
Wand of Vertebrae|2
Honored Hydra|2
Valkyrie Harbinger|2
Clutch of Currents|2
Asari Captain|2
Biorhythm|2
Copper Longlegs|2
The Rollercrusher Ride|2
Leonin Bola|2
Geyser Drake|2
Reinforced Bulwark|2
Rimebound Dead|2
Sleep of the Dead|2
Dark Prophecy|2
Knightly Valor|2
Tidal Courier|2
Cerodon Yearling|2
Makindi Sliderunner|2
Psychic Drain|2
Grotesque Mutation|2
Harvesttide Sentry|2
Crypt Creeper|2
Intet, the Dreamer|2
Vadmir, New Blood|2
Helm of the Gods|2
Spreading Insurrection|2
Aura Finesse|2
Survey Mechan|2
Sweettooth Witch|2
Longshot Squad|2
Guy in the Chair|2
Strength of Arms|2
Ixalli's Lorekeeper|2
A-Raiyuu, Storm's Edge|2
Deathbringer Liege|2
Rosa, Resolute White Mage|2
Hour of Glory|2
Giant Spider|2
Unstable Frontier|2
Wirewood Pride|2
Warped Devotion|2
Wall of Fire|2
Parallectric Feedback|2
Meishin, the Mind Cage|2
Devoted Retainer|2
Feral Incarnation|2
Myr Matrix|2
Tidal Warrior|2
Reclaim the Wastes|2
Bombadil's Song|2
Epicure of Blood|2
Fungal Infection|2
Fated Infatuation|2
Voracious Vermin|2
Hoard-Smelter Dragon|2
Reiterate|2
Intrepid Trufflesnout|2
Maha, Its Feathers Night|2
Hailstorm Valkyrie|2
Bomber Corps|2
Tattered Haunter|2
Tamiyo's Immobilizer|2
Scale the Heights|2
Shattering Finale|2
Lash Out|2
Dwarven Forge-Chanter|2
Rhox|2
Soul-Guide Gryff|2
Tsabo's Web|2
Ruthless Predation|2
Gatecreeper Vine|2
Dig Up the Body|2
Rend Flesh|2
Kellan, the Kid|2
Omenpath Journey|2
Drag Down|2
Vineshaper Mystic|2
Leonin Den-Guard|2
Nimble Larcenist|2
Grafted Exoskeleton|2
You Happen On a Glade|2
Corsair Captain|2
Shielded Aether Thief|2
Oviya, Automech Artisan|2
Geralf's Masterpiece|2
Feeling of Dread|2
Stimulus Package|2
Radiant Grace|2
Angelic Ascension|2
Last Rites|2
Glacierwood Siege|2
Primal Growth|2
Kessig Wolfrider|2
Thornbow Archer|2
Academy Rector|2
Rustler Rampage|2
Huatli, Poet of Unity|2
Axebane Ferox|2
Prince Imrahil the Fair|2
Elvish Eulogist|2
Biowaste Blob|2
Selesnya Sentry|2
Sachi, Daughter of Seshiro|2
Child of Alara|2
Spell Blast|2
Magma Burst|2
Whisper Agent|2
Stroke of Midnight|2
Ob Nixilis's Cruelty|2
The Skullspore Nexus|2
Satyr Hedonist|2
Fairgrounds Patrol|2
Energy Refractor|2
Glorious Enforcer|2
Cudgel Troll|2
Wyll, Pact-Bound Duelist|2
Natural Connection|2
Vex|2
Forth Eorlingas!|2
Cliffhaven Vampire|2
Khalni Ambush|2
Shatter the Source|2
Minsc & Boo, Timeless Heroes|2
Traitorous Instinct|2
Lethargy Trap|2
Grizzly Ghoul|2
Selfless Police Captain|2
Jade Mage|2
Norn's Wellspring|2
Muxus, Goblin Grandee|2
Essence Sliver|2
Clip Wings|2
Fearless Fledgling|2
Pyrokinesis|2
Vengeful Strangler|2
Cliffside Lookout|2
Frostpeak Yeti|2
Quag Sickness|2
Protocol Knight|2
Hour of Need|2
Totem-Guide Hartebeest|2
Last Kiss|2
Eutropia the Twice-Favored|2
Elder Cathar|2
A Little Chat|2
Secret Door|2
Hard-Hitting Question|2
Dismiss into Dream|2
Glimmerbell|2
Seer's Lantern|2
Chosen by Heliod|2
Argivian Phalanx|2
Rimefur Reindeer|2
Lathliss, Dragon Queen|2
Flame Lash|2
Heaven // Earth|2
Brass Gnat|2
Body Launderer|2
Grab the Reins|2
Tilonalli's Knight|2
With Great Power...|2
Rebirth|2
Ascendant Evincar|2
Shadow Rift|2
Loyal Warhound|2
Serpent's Gift|2
Rocky Tar Pit|2
Stromkirk Mentor|2
Retreat to Valakut|2
High Stride|2
Raiyuu, Storm's Edge|2
Blood-Cursed Knight|2
Forced Worship|2
Pressure Point|2
Frenzied Raider|2
Horned Sliver|2
Cage of Hands|2
Sweep the Skies|2
Roaring Earth|2
Finale of Glory|2
Infectious Inquiry|2
Saiba Syphoner|2
Reckless Crew|2
Ib Halfheart, Goblin Tactician|2
Ogre Sentry|2
Ornery Tumblewagg|2
Heartstabber Mosquito|2
Interdisciplinary Mascot|2
Kaya, Geist Hunter|2
Retrieve|2
Rain of Revelation|2
Witch's Mark|2
Coral Colony|2
Relic Crush|2
Sedge Scorpion|2
Spellgyre|2
Imperial Recovery Unit|2
Incremental Growth|2
Rallying Roar|2
Azorius Arrester|2
Mask of Avacyn|2
Danitha Capashen, Paragon|2
Sky-Blessed Samurai|2
Battletide Alchemist|2
Akroan Skyguard|2
Food Fight|2
Fountain of Youth|2
Enduring Bondwarden|2
Fated Conflagration|2
Inventive Iteration|2
Djeru, With Eyes Open|2
Break the Spell|2
Reckless Barbarian|2
Norman Osborn|2
Territorial Hellkite|2
Weftstalker Ardent|2
Lich's Tomb|2
Scorchwalker|2
Ghoulsteed|2
Jackal Pup|2
Pristine Angel|2
Hakbal of the Surging Soul|2
Quandrix Campus|2
Tilling Treefolk|2
Quag Vampires|2
Explosive Entry|2
Wild Mongrel|2
Blighted Bat|2
Azure Mage|2
Arcane Spyglass|2
Sun's Bounty|2
Tundra Fumarole|2
Jadelight Spelunker|2
Dragonkin Berserker|2
Bonded Horncrest|2
Stinging Shot|2
Brass Herald|2
Tangle|2
Tramway Station|2
Blessing of Frost|2
Warlord's Elite|2
Tazri, Beacon of Unity|2
Phalanx Vanguard|2
Strands of Undeath|2
The Monumental Facade|2
Honden of Seeing Winds|2
Tel-Jilad Defiance|2
Vent Sentinel|2
Soul Separator|2
Brutal Hordechief|2
Axgard Cavalry|2
Furtive Analyst|2
Doomed Dissenter|2
Zanarkand, Ancient Metropolis|2
Broadside Bombardiers|2
Stolen Identity|2
Agonizing Memories|2
Mistmeadow Witch|2
Neheb, the Worthy|2
Uncharted Haven|2
Bloodshot Trainee|2
Consuming Aberration|2
Junk Diver|2
Izzet Chronarch|2
Quest for Renewal|2
Foul Renewal|2
Deadeye Plunderers|2
Take Out the Trash|2
Jinxed Choker|2
Treacherous Urge|2
Rhino's Rampage|2
Tajuru Archer|2
Null Champion|2
Mukotai Soulripper|2
Charismatic Conqueror|2
Butcher of Malakir|2
Resolute Archangel|2
Hexgold Slash|2
Halo Scarab|2
Plunder|2
Indrik Stomphowler|2
The Black Breath|2
War's Toll|2
Magus of the Future|2
Toxrill, the Corrosive|2
Clarion Ultimatum|2
Veteran Guardmouse|2
Vanish into Memory|2
Illuna, Apex of Wishes|2
Elenda, the Dusk Rose|2
Titans' Vanguard|2
Protect the Negotiators|2
Genju of the Falls|2
Timetwister|2
Grazing Kelpie|2
Ruxa, Patient Professor|2
Everdream|2
Mobilization|2
Sludge Monster|2
Case of the Gorgon's Kiss|2
Drogskol Cavalry|2
Inkling Summoning|2
Tolsimir Wolfblood|2
Sauron, the Necromancer|2
Tears of Valakut|2
Verdant Crescendo|2
Aid from the Cowl|2
Cauldron's Gift|2
Alabaster Mage|2
Obelisk of Urd|2
Blighted Steppe|2
Battleground Geist|2
Desperate Bloodseeker|2
Secret Plans|2
Spider-Bot|2
Gadrak, the Crown-Scourge|2
Vanquish the Foul|2
Dreamshaper Shaman|2
Nebelgast Beguiler|2
Wildfire Eternal|2
Glory Seeker|2
Zhur-Taa Swine|2
Mauhur, Uruk-hai Captain|2
Invasion of New Capenna|2
Blood Burglar|2
Fight with Fire|2
Starlight Spectacular|2
Claustrophobia|2
Brigid, Hero of Kinsbaile|2
Redirect Lightning|2
Greed|2
Seething Landscape|2
Thornling|2
Vincent Valentine|2
Myr Propagator|2
Workshop Assistant|2
Compleated Huntmaster|2
Rogue Class|2
Swamp Mosquito|2
Divine Deflection|2
Junk Winder|2
Kellan's Lightblades|2
Arbiter of Knollridge|2
Kaito's Pursuit|2
Nighthaze|2
Loathsome Curator|2
Avacynian Priest|2
Unstoppable Ogre|2
The Irencrag|2
Lighthouse Chronologist|2
Loyal Pegasus|2
Armory Guard|2
Griffin Aerie|2
Moonrager's Slash|2
Monstrous Growth|2
Miriam, Herd Whisperer|2
Agoraphobia|2
Rabbit Response|2
Akoum Boulderfoot|2
Tomik, Wielder of Law|2
Draconic Muralists|2
Canyon Crab|2
Ral's Outburst|2
Spiked Baloth|2
Veteran Warleader|2
Valley Flamecaller|2
Macabre Waltz|2
Morphic Pool|2
Bloodvial Purveyor|2
Savage Ventmaw|2
No Way Out|2
Dreadmobile|2
Nyxborn Unicorn|2
Bespoke Battlewagon|2
Crypt Ghast|2
Farmstead Gleaner|2
Down // Dirty|2
Extraordinary Journey|2
Kapow!|2
Soulknife Spy|2
Eternal Thirst|2
Flayer of the Hatebound|2
Psychosis Crawler|2
Defiled Crypt|2
Contaminant Grafter|2
Dragonhawk, Fate's Tempest|2
Living Totem|2
Sanctum Gargoyle|2
Void Attendant|2
Blasted Landscape|2
Diabolic Servitude|2
Sky Tether|2
Blaze|2
Double Vision|2
Runaway Trash-Bot|2
Nicanzil, Current Conductor|2
Elgaud Inquisitor|2
Brittle Blast|2
Fabrication Foundry|2
Skeleton Archer|2
Ashnod's Altar|2
Guardian Scalelord|2
Choking Fumes|2
Pyrophobia|2
Skyclave Relic|2
Fastbond|2
Zombie Apocalypse|2
Sage of the Unknowable|2
Dismantle|2
Rumbling Slum|2
Dawnsire, Sunstar Dreadnought|2
Circle of the Moon Druid|2
Geistflame Reservoir|2
Filigree Angel|2
Dunes of the Dead|2
Chandra, Bold Pyromancer|2
Silumgar Scavenger|2
Angelic Overseer|2
Kor Halberd|2
Burdened Aerialist|2
Sabertooth Outrider|2
Detonate|2
Treetop Sentries|2
Rakshasa Deathdealer|2
Sprite Noble|2
Breeches, the Blastmaker|2
Dawnhart Mentor|2
Bonepicker Skirge|2
Slate of Ancestry|2
Riveteers Decoy|2
Solstice Zealot|2
Verdant Rebirth|2
Double Major|2
Temur War Shaman|2
Garza Zol, Plague Queen|2
Sculpted Perfection|2
Ambition's Cost|2
Tin Street Market|2
Powerstone Engineer|2
Falcon Abomination|2
Deceptive Landscape|2
Repel Calamity|2
Burn Away|2
Scout the City|2
Skin Invasion|2
To Arms!|2
Masked Admirers|2
Cloudkin Seer|2
Vanguard of Brimaz|2
Headless Specter|2
Neurok Stealthsuit|2
Atarka Efreet|2
Wavebreak Hippocamp|2
Rampaging Hippo|2
Fear|2
White Shield Crusader|2
Necropolis Regent|2
Boreal Shelf|2
Battering Krasis|2
Glistening Sphere|2
Kardur, Doomscourge|2
Unlikely Aid|2
Skemfar Elderhall|2
Bloodline Pretender|2
Venomous Changeling|2
Lightning Volley|2
Hopeful Vigil|2
Call the Gatewatch|2
Ninja of the New Moon|2
Ajani's Aid|2
Narfi, Betrayer King|2
Shifting Borders|2
Teleportation Circle|2
Tiana, Ship's Caretaker|2
Raff Capashen, Ship's Mage|2
Captain's Call|2
Resounding Thunder|2
Wren's Run Hydra|2
Sundering Stroke|2
Hound of Griselbrand|2
Slagstone Refinery|2
Rune-Tail, Kitsune Ascendant|2
Alania, Divergent Storm|2
Viashino Shanktail|2
Oxidda Scrapmelter|2
Oculus|2
Fuss|2
Auriok Glaivemaster|2
Font of Return|2
Mirri, Cat Warrior|2
Murasa Behemoth|2
Rambunctious Mutt|2
Rune of Might|2
Forced Fruition|2
Bladed Battle-Fan|2
Soul of Shandalar|2
Spined Sliver|2
Indestructibility|2
Encroaching Mycosynth|2
Scurrilous Sentry|2
Pilfering Hawk|2
Hoarding Broodlord|2
Dispossess|2
Psychic Corrosion|2
Geth's Grimoire|2
Aragorn and Arwen, Wed|2
Immortal Coil|2
Brutal Expulsion|2
Ninja's Blades|2
Reconnaissance|2
Aerial Assault|2
Immolation|2
Jin-Gitaxias|2
Glissa, Herald of Predation|2
Carrion Wall|2
Pollenbright Druid|2
Shining Aerosaur|2
Broadside Barrage|2
Primal Order|2
Take Flight|2
Sanctum Plowbeast|2
Ichor Drinker|2
Settle the Score|2
Consuming Tide|2
Chronozoa|2
Workshop Warchief|2
Ogre Chitterlord|2
Mordor Trebuchet|2
Spiketail Hatchling|2
Skirge Familiar|2
Deepfire Elemental|2
Cogwork Assembler|2
Drakuseth, Maw of Flames|2
Vorinclex, Voice of Hunger|2
Weaponize the Monsters|2
Dawnglare Invoker|2
One-Eyed Scarecrow|2
Silver-Inlaid Dagger|2
Recover|2
Sage of the Falls|2
Berg Strider|2
Powder Keg|2
Endless Ranks of the Dead|2
The Speed Demon|2
Psychic Rebuttal|2
Animist's Awakening|2
Unscrupulous Agent|2
Mightform Harmonizer|2
Slobad, Goblin Tinkerer|2
Whirlwind|2
Haunted Plate Mail|2
Arcum Dagsson|2
A-Ancestral Katana|2
Prowcatcher Specialist|2
Demonic Consultation|2
Mishra, Claimed by Gix|2
Orcus, Prince of Undeath|2
Queen's Commission|2
Mask of Immolation|2
Atzocan Archer|2
Baru, Wurmspeaker|2
Frenzied Raptor|2
Invincible Hymn|2
Abzan Advantage|2
Desert of the Fervent|2
Healer's Headdress|2
Jaxis, the Troublemaker|2
Cyclops Electromancer|2
Righteous Authority|2
Finest Hour|2
Monastery Flock|2
Tangle Asp|2
Mindstorm Crown|2
Coercive Portal|2
Blackblade Reforged|2
Fervor|2
Assert Authority|2
Boros Keyrune|2
Take Up the Shield|2
Jecht, Reluctant Guardian|2
Thraben Standard Bearer|2
Zulaport Enforcer|2
Dauthi Ghoul|2
Bringer of the Red Dawn|2
Scrapwork Rager|2
Lancer Sliver|2
Magma Pummeler|2
Choice of Damnations|2
Trained Caracal|2
Koll, the Forgemaster|2
Indulgent Tormentor|2
Invasion of Ravnica|2
Hidden Horror|2
Throne of Makindi|2
Akuta, Born of Ash|2
Kasmina, Enigmatic Mentor|2
Hail Storm|2
Vengeful Devil|2
Vampire Envoy|2
Child of Night|2
Disciple of Phenax|2
Ritual of Restoration|2
Visage of Dread|2
Sunhome Enforcer|2
Fountainport Bell|2
Falkenrath Celebrants|2
Treebeard, Gracious Host|2
Nexus Wardens|2
Infernal Captor|2
Enemy of Enlightenment|2
Acolyte's Reward|2
Olog-hai Crusher|2
Igneous Elemental|2
March of the Drowned|2
Phantom Warrior|2
Caustic Rain|2
Masako the Humorless|2
Jasmine Boreal|2
Restless Bivouac|2
Ghost-Lit Drifter|2
Disembowel|2
Caught in the Crossfire|2
Multani, Yavimaya's Avatar|2
Phyrexian Plaguelord|2
Wurmcalling|2
Thunderhead Squadron|2
Lagonna-Band Elder|2
Herald's Horn|2
Empty-Shrine Kannushi|2
Searing Barb|2
Utvara Hellkite|2
Venomous Brutalizer|2
Mana Drain|2
Behind the Scenes|2
Aettir and Priwen|2
Karametra, God of Harvests|2
Tar Fiend|2
Draconic Intervention|2
Sage's Row Denizen|2
Dimir Guildmage|2
Raptor Companion|2
Cease|2
Dragonlord's Prerogative|2
Gurgling Anointer|2
Mirkwood Channeler|2
Ajani's Presence|2
Blighted Gorge|2
Swallow Whole|2
Conviction|2
Phyrexian Altar|2
Battle Brawler|2
Ring of Thune|2
Corpseweft|2
Deceit|2
Conflux|2
Armored Armadillo|2
Nadaar, Selfless Paladin|2
Annihilate|2
Wall of Brambles|2
Departed Deckhand|2
Blood Petal Celebrant|2
Death Wind|2
Beck|2
Spinehorn Minotaur|2
Lodestone Myr|2
Hexgold Slith|2
Novijen, Heart of Progress|2
Haazda Marshal|2
Nissa, Nature's Artisan|2
Frodo, Determined Hero|2
Concussive Bolt|2
Gravedigger|2
Rogue's Gloves|2
Curious Homunculus|2
Ogre's Cleaver|2
Verdant Force|2
Demon of Catastrophes|2
Primal Amulet|2
Charitable Levy|2
Test of Faith|2
Drana, the Last Bloodchief|2
Volcanic Geyser|2
Sultai Emissary|2
Rootwater Hunter|2
Breakneck Berserker|2
Grapeshot Catapult|2
Eradicator Valkyrie|2
Reject Imperfection|2
Myr Turbine|2
Endless Horizons|2
Reality Ripple|2
Amoeboid Changeling|2
Voja, Jaws of the Conclave|2
Stampeding Elk Herd|2
Gigantiform|2
Hyena Pack|2
Tajuru Pathwarden|2
Captain Howler, Sea Scourge|2
Pyroceratops|2
Goblin Champion|2
Orazca Relic|2
Reality Spasm|2
Crypt Ripper|2
Goblin Smuggler|2
Burn the Accursed|2
Novice Knight|2
Archway Commons|2
Hope Against Hope|2
Moratorium Stone|2
Fearless Liberator|2
Golden-Tail Trainer|2
Iron Golem|2
Soulsurge Elemental|2
Myr Incubator|2
Rite of Replication|2
Territorial Hammerskull|2
Emperor's Vanguard|2
Hazardroot Herbalist|2
Wolf Strike|2
Clifftop Lookout|2
Chandra, Pyrogenius|2
Glittering Frost|2
Jenara, Asura of War|2
Rakdos Keyrune|2
Elven Riders|2
Breach|2
Radiant Scrollwielder|2
Abandon the Post|2
Farsight Mask|2
Basilica Bell-Haunt|2
Karn, Silver Golem|2
Tracker|2
Pinecrest Ridge|2
Overgrown Arch|2
Sword of Kaldra|2
Confessor's Bindings|2
Highborn Ghoul|2
Cabal Stronghold|2
Raise the Draugr|2
Rubble Reading|2
Hagi Mob|2
Splendor Mare|2
Guise of Fire|2
Vampiric Rites|2
Elemental Bond|2
Outnumber|2
Belligerent Guest|2
Guardian of the Forgotten|2
Desynchronize|2
Deflecting Swat|2
High-Speed Hoverbike|2
Demolish|2
Lucid Dreams|2
Draugr's Helm|2
Star Charter|2
Cloakwood Swarmkeeper|2
Xanathar, Guild Kingpin|2
Temple of the False God|2
Heliod's Emissary|2
Leonin Shikari|2
Svogthos, the Restless Tomb|2
Canal Courier|2
Enshrined Memories|2
Wall Crawl|2
Voltstorm Angel|2
Rampaging Spiketail|2
Traumatic Revelation|2
Structural Assault|2
Flamekin Herald|2
Nezumi Linkbreaker|2
Ambush Paratrooper|2
Lantern Spirit|2
Wee Dragonauts|2
Saryth, the Viper's Fang|2
Kiku, Night's Flower|2
Iizuka the Ruthless|2
Bladehold War-Whip|2
Spit Flame|2
Dazzling Denial|2
Brain Weevil|2
Holy Light|2
Anduril, Flame of the West|2
Distract the Guards|2
Floodwaters|2
Surreal Memoir|2
Gravedig|2
Laughing Jasper Flint|2
Skystrike Officer|2
Carnage Gladiator|2
Sazacap's Brew|2
Chromescale Drake|2
Spectra Ward|2
Deepchannel Mentor|2
Call to the Grave|2
Bogardan Dragonheart|2
Promise of Power|2
Thraben Doomsayer|2
Persistent Petitioners|2
Hurloon Battle Hymn|2
Manalith|2
Nim Shambler|2
Hardened Berserker|2
Arcbound Reclaimer|2
Sun-Blessed Mount|2
Mythos of Illuna|2
Electro, Assaulting Battery|2
Wrath of Marit Lage|2
Graceful Restoration|2
Cryptcaller Chariot|2
Ambitious Assault|2
Robe of Mirrors|2
Webweaver Changeling|2
Labyrinth Raptor|2
Mardu Devotee|2
Glyph Elemental|2
Blinding Souleater|2
Captain Storm, Cosmium Raider|2
Smoke Bomb|2
Startle|2
Circle of Protection: Artifacts|2
Divinity of Pride|2
Zephyr Spirit|2
Howlpack Resurgence|2
Naya Panorama|2
Jeskai Revelation|2
Meletis Astronomer|2
Dokuchi Shadow-Walker|2
Ghost Council of Orzhova|2
Flowstone Infusion|2
Airlift Chaplain|2
Lifegift|2
Jor Kadeen, First Goldwarden|2
Blade Sliver|2
Messenger's Speed|2
Sauron, the Lidless Eye|2
Shambleshark|2
Jace's Sanctum|2
The Ur-Dragon|2
Stromkirk Bloodthief|2
Sickening Dreams|2
Seafloor Oracle|2
Setessan Battle Priest|2
Supplant Form|1
Annex Sentry|1
Blight Sickle|1
Harness Infinity|1
Nettle Guard|1
Visage of Bolas|1
Polyraptor|1
Eriette of the Charmed Apple|1
Nemata, Primeval Warden|1
Obsessive Stitcher|1
Vaultbreaker|1
Induce Despair|1
Decree of Pain|1
Twinning Staff|1
Hill Giant|1
Argent Dais|1
Take Possession|1
Tom Bombadil|1
The Lunar Whale|1
Teysa, Envoy of Ghosts|1
Retrofitter Foundry|1
Recumbent Bliss|1
Shelob, Child of Ungoliant|1
Drudge Beetle|1
Chaos Mutation|1
Grizzled Leotau|1
Torpor Dust|1
Sapling of Colfenor|1
Reverent Hoplite|1
Anzrag, the Quake-Mole|1
Shield of Kaldra|1
Dragon Whisperer|1
Vizzerdrix|1
Wall of One Thousand Cuts|1
The Key to the Vault|1
Millicent, Restless Revenant|1
Healer of the Pride|1
Organ Hoarder|1
Lord of the Pit|1
Treason of Isengard|1
Curator's Ward|1
Hana Kami|1
Overbeing of Myth|1
Petrifying Meddler|1
Manabond|1
Flywheel Racer|1
Night Incarnate|1
Reito Sentinel|1
Temporal Manipulation|1
At Knifepoint|1
Phantom Wurm|1
Taste for Mayhem|1
Skoa, Embermage|1
Berserkers' Onslaught|1
Ethereal Absolution|1
Ichor Shade|1
Juvenile Gloomwidow|1
Mordenkainen's Polymorph|1
Hobbling Zombie|1
Consecrate|1
Malicious Affliction|1
Steelshaper Apprentice|1
Kaito, Cunning Infiltrator|1
Tormentor Exarch|1
Deadly Rollick|1
Fervent Charge|1
Bonehoard|1
Dropkick Bomber|1
Thran Foundry|1
Magus of the Jar|1
Tectonic Rift|1
Whimwader|1
Faceless Butcher|1
Moritte of the Frost|1
Waterveil Cavern|1
Bone Dragon|1
Zenos yae Galvus|1
Vastwood Surge|1
Ezrim, Agency Chief|1
Painter's Studio // Defaced Gallery|1
Underrealm Lich|1
Agatha's Champion|1
Burr Grafter|1
Congregate|1
Surgespanner|1
Soliton|1
Beacon of Immortality|1
A-Incriminate|1
Angel of Indemnity|1
Vial Smasher, Gleeful Grenadier|1
The Three Seasons|1
Nullify|1
Call to the Kindred|1
Charmed Clothier|1
Projektor Inspector|1
Tidal Wave|1
Eldrazi Ravager|1
Mirror March|1
Western Paladin|1
Twilight Panther|1
Gloomwidow's Feast|1
Mind Spring|1
Glamerdye|1
Submerged Boneyard|1
Fall of the Titans|1
Stirring Bard|1
Howl of the Night Pack|1
Ecological Appreciation|1
Hidetsugu, Devouring Chaos|1
Arcbound Tracker|1
Snare the Skies|1
Ashes to Ashes|1
Dross Skullbomb|1
Harness the Storm|1
Sinister Possession|1
Moss Viper|1
Reflex Sliver|1
Aetherblade Agent|1
Tibor and Lumia|1
Stonewright|1
Cut In|1
Dictate of Heliod|1
Icefall Regent|1
Koilos Roc|1
Teardrop Kami|1
Malfegor|1
Cultbrand Cinder|1
Underworld Sentinel|1
Dryad's Favor|1
Crimson Mage|1
Magma Phoenix|1
Rank Officer|1
Intrude on the Mind|1
Sarpadian Empires, Vol. VII|1
Vindictive Vampire|1
Razor Boomerang|1
Gibbering Kami|1
Razormane Masticore|1
Hobblefiend|1
Strefan, Maurer Progenitor|1
Grenzo, Dungeon Warden|1
Trick Shot|1
Spinebiter|1
The Balrog, Flame of Udûn|1
Gallows Warden|1
Vow of Torment|1
Darksteel Plate|1
Keldon Champion|1
Sea of Clouds|1
Triton Shorethief|1
Thopter Assembly|1
Chariot of Victory|1
Audacious Thief|1
Archetype of Imagination|1
Raven Guild Master|1
Wrap in Flames|1
Hadana's Climb|1
Lens Flare|1
Shallow Grave|1
Spiteful Visions|1
Curse of Thirst|1
Nightveil Sprite|1
Loot, the Key to Everything|1
Vulshok Battlemaster|1
Forbid|1
Revenge of the Rats|1
Gateway Plaza|1
Terra, Magical Adept|1
Melded Moxite|1
Izzet Guildmage|1
Mardu Ascendancy|1
Gollum, Scheming Guide|1
Zask, Skittering Swarmlord|1
Transmute Artifact|1
Ashen-Skin Zubera|1
Merry Bards|1
Etched Monstrosity|1
Fettergeist|1
Orcish Spy|1
Forever Young|1
Orcish Medicine|1
Malakir Cullblade|1
Broodhatch Nantuko|1
Tyrannize|1
Verazol, the Split Current|1
Cackling Imp|1
Survivor of Korlis|1
Bellowing Bruiser|1
K'rrik, Son of Yawgmoth|1
Out of Air|1
Nefarox, Overlord of Grixis|1
Repel the Darkness|1
Isolation Cell|1
Meat Locker // Drowned Diner|1
Starfield Mystic|1
Gauntlets of Light|1
Smelted Chargebug|1
Tel-Jilad Chosen|1
Yotian Tactician|1
Gilded Drake|1
Sins of the Past|1
Nethroi, Apex of Death|1
Nested Ghoul|1
Sunstar Lightsmith|1
Blighted Burgeoning|1
Swarming Goblins|1
Makindi Griffin|1
Varragoth, Bloodsky Sire|1
Aether Meltdown|1
Not Forgotten|1
War Flare|1
Attended Healer|1
Cradle of Vitality|1
The Dross Pits|1
Oboro Envoy|1
Electrozoa|1
Cosmos Charger|1
Eternal of Harsh Truths|1
Ebon Stronghold|1
Spider-Man, Web-Slinger|1
Mossbridge Troll|1
Beastrider Vanguard|1
Glimpse the Sun God|1
Quagnoth|1
Duelist's Heritage|1
Leech Bonder|1
Thornado|1
Kenrith's Transformation|1
Spirit-Sister's Call|1
Oakhollow Village|1
Inventor's Goggles|1
Ruin Ghost|1
Bubbling Cauldron|1
Disentomb|1
Caves of Chaos Adventurer|1
Slip On the Ring|1
Throatseeker|1
Archon of Coronation|1
Kavu Climber|1
In Garruk's Wake|1
Citystalker Connoisseur|1
Nylea's Forerunner|1
Plague Boiler|1
Ballad of the Black Flag|1
Scarlet Spider, Ben Reilly|1
Battlegrace Angel|1
Gas Guzzler|1
Astarion, the Decadent|1
Hunter's Bow|1
Primal Druid|1
Terror of Mount Velus|1
Wail of the Nim|1
Palani's Hatcher|1
Loxodon Punisher|1
Stonesplitter Bolt|1
Keeper of Progenitus|1
Rowan, Scion of War|1
Nature's Cloak|1
Slaughter|1
Skeletonize|1
Wild Ricochet|1
Sungrass Prairie|1
Divergent Transformations|1
Restock|1
Glistening Dawn|1
Mintstrosity|1
Captain N'ghathrod|1
Tireless Hauler|1
Brave the Sands|1
Moment of Defiance|1
Thwip!|1
Gloryscale Viashino|1
Ivory Tower|1
Scrapbasket|1
Naru Meha, Master Wizard|1
Kazuul's Toll Collector|1
Molimo, Maro-Sorcerer|1
Tuinvale Treefolk|1
Helium Squirter|1
Salt Road Patrol|1
Hum of the Radix|1
Aeon Chronicler|1
Fell Flagship|1
Sky Terror|1
Merfolk Coralsmith|1
Hedron Matrix|1
Iron Spider, Stark Upgrade|1
Sovereign Okinec Ahau|1
Marrow Chomper|1
Evolving Door|1
Uninvited Geist|1
Dream Eater|1
Evelyn, the Covetous|1
Hero of the Dunes|1
Mugging|1
Arlinn, Voice of the Pack|1
Blistergrub|1
Nirkana Revenant|1
Sokenzan Renegade|1
Leovold, Emissary of Trest|1
Juggernaut|1
Biosynthic Burst|1
Headhunter|1
Hinterland Logger|1
Hidden Necropolis|1
Live Fast|1
Manticore|1
Panic Attack|1
Growing Ranks|1
Rootgrapple|1
Crumble|1
Tempered Sliver|1
Astral Wingspan|1
Harmonious Archon|1
Red Dragon|1
Give // Take|1
Xorn|1
Parasitic Impetus|1
Hungry Ghoul|1
Death Rattle|1
Briarhorn|1
Athreos, Shroud-Veiled|1
Gilt-Leaf Seer|1
Wolfir Avenger|1
Angelheart Vial|1
Aethertow|1
Lord of Shatterskull Pass|1
Ondu Knotmaster|1
Hugs, Grisly Guardian|1
Eriette's Whisper|1
Knight of the Skyward Eye|1
Cryoshatter|1
Flesh|1
Summon: Titan|1
Dreamcaller Siren|1
Relic Putrescence|1
Coral Trickster|1
Kuro, Pitlord|1
Crimson Fleet Commodore|1
Olivia's Dragoon|1
Spirit of the Aldergard|1
Gate of the Black Dragon|1
Sleep Magic|1
Gates of Istfell|1
Confusion in the Ranks|1
Mobilizer Mech|1
Burning Sun's Avatar|1
Dreamstone Hedron|1
Skullmulcher|1
Nettlevine Blight|1
Trusted Pegasus|1
Spitting Image|1
Rocket-Powered Goblin Glider|1
Grave Defiler|1
Shocking Grasp|1
Reverse the Sands|1
Ilysian Caryatid|1
Fertilid|1
Vito, Fanatic of Aclazotz|1
Porcelain Legionnaire|1
Trench Stalker|1
Shivan Dragon|1
Sporecap Spider|1
Thriving Isle|1
Out of the Way|1
Gate Colossus|1
Anje's Ravager|1
Refuse // Cooperate|1
Trollhide|1
Spider-Rex, Daring Dino|1
Enchanted Evening|1
Honor|1
Tel-Jilad Stylus|1
Nicol Bolas, the Deceiver|1
Desculpting Blast|1
Gnarled Scarhide|1
Hero of the Games|1
Rith, Liberated Primeval|1
Necrotic Fumes|1
Implement of Examination|1
Tasseled Dromedary|1
Soul Swallower|1
Iwamori of the Open Fist|1
Mordenkainen|1
Defiler of Dreams|1
Aura Flux|1
Ulvenwald Mysteries|1
Underworld Hermit|1
Turnabout|1
Sheltering Landscape|1
Zephyr Boots|1
Scythe of the Wretched|1
Dreadwing Scavenger|1
Malicious Malfunction|1
War Historian|1
Whiskervale Forerunner|1
Screaming Shield|1
Voice of the Provinces|1
Wall of Water|1
Search the Premises|1
Pith Driller|1
Relics of the Rubblebelt|1
Thieves' Tools|1
Skyreach Manta|1
Defy Death|1
Quash|1
Burning-Rune Demon|1
Ironscale Hydra|1
Panicked Bystander|1
Pointed Discussion|1
Merrow Harbinger|1
The Kenriths' Royal Funeral|1
Font of Fertility|1
Clay Revenant|1
Malamet Battle Glyph|1
Baloth Null|1
Sidisi, Regent of the Mire|1
Thicket Crasher|1
Cast into Darkness|1
Biblioplex Kraken|1
Fleshformer|1
Magewright's Stone|1
Odds // Ends|1
Weary Prisoner|1
Kami of Bamboo Groves|1
Duelcraft Trainer|1
Bear Umbra|1
Legion Vanguard|1
Emberwilde Augur|1
Onakke Javelineer|1
Dyadrine, Synthesis Amalgam|1
Tromokratis|1
Infernal Kirin|1
Syphon Mind|1
Eddie Brock|1
Tribute to the Wild|1
Secluded Starforge|1
Dreadfeast Demon|1
Starving Revenant|1
Spider-Mobile|1
Goblin Snowman|1
Stensia Bloodhall|1
Nema Siltlurker|1
Frostwalla|1
Kalonian Twingrove|1
Ashnod's Intervention|1
Kazuul, Tyrant of the Cliffs|1
Guard Duty|1
Celestial Armor|1
Crabapple Cohort|1
Orcish Hellraiser|1
Fissure Vent|1
Treetop Ambusher|1
Skyscanner|1
Vow of Malice|1
Excavating Anurid|1
Mirri the Cursed|1
Invasion of Moag|1
Famished Worldsire|1
Mightstone's Animation|1
Worldpurge|1
Uncovered Clues|1
Drivnod, Carnage Dominus|1
Hidden Courtyard|1
Truefire Captain|1
Mass Calcify|1
Wingspan Stride|1
Treasure Chest|1
Everflame Eidolon|1
Expand the Sphere|1
Slave of Bolas|1
Combat Calligrapher|1
Fog of War|1
Gurmag Nightwatch|1
Byrke, Long Ear of the Law|1
Chatter of the Squirrel|1
Krosan Colossus|1
Phyrexian Totem|1
Kumano, Master Yamabushi|1
Passageway Seer|1
Scion of the Wild|1
Lambholt Raconteur|1
Wylie Duke, Atiin Hero|1
Mana Short|1
Eruth, Tormented Prophet|1
Abyssal Horror|1
Cho-Manno, Revolutionary|1
Slice in Twain|1
Brimstone Mage|1
Fire Imp|1
Savra, Queen of the Golgari|1
Alenni, Brood Recruiter|1
Corruption of Towashi|1
Sungold Barrage|1
Elvish Hexhunter|1
Temporal Extortion|1
Leeching Bite|1
Canopy Tactician|1
Pyrogoyf|1
Altar of Shadows|1
Zopandrel, Hunger Dominus|1
Wicked Visitor|1
Noosegraf Mob|1
Reef Worm|1
Marsh Boa|1
Caprichrome|1
Kindlespark Duo|1
Molten Tributary|1
Blind Zealot|1
Walk the Plank|1
Mycosynth Fiend|1
Stone Retrieval Unit|1
Battle Menu|1
Unexpectedly Absent|1
Merchant's Dockhand|1
Simic Guildmage|1
Armguard Familiar|1
Manaforge Cinder|1
Experimental Overload|1
Crosis, the Purger|1
Transguild Courier|1
Tideforce Elemental|1
Dire Flail|1
Alchemist's Retrieval|1
Hydro-Man, Fluid Felon|1
Candelabra of Tawnos|1
Goring Ceratops|1
Redcap Thief|1
Territorial Allosaurus|1
Defiler of Instinct|1
Mask of Memory|1
Nettle Swine|1
Utter Insignificance|1
Selfless Squire|1
Moonlight Bargain|1
Fell Specter|1
Necromancy|1
Icefall|1
Celestial Ancient|1
Gnoll Hunter|1
Spider-Ham, Peter Porker|1
Knollspine Invocation|1
Dictate of the Twin Gods|1
Comet Storm|1
Dust Bowl|1
Tempest Angler|1
Pillar of Origins|1
Mindleech Ghoul|1
Nurturing Presence|1
Yore-Tiller Nephilim|1
Reciprocate|1
Thraben Exorcism|1
Haunted Cloak|1
Exosuit Savior|1
Wizard Class|1
Horn of Greed|1
Debtors' Knell|1
Time to Feed|1
Earthbending Student|1
Getaway Car|1
Tarantusk, Unwisely Awoken|1
Apex Altisaur|1
Goblin Fireleaper|1
Agent Venom|1
The Emperor of Palamecia|1
Morkrut Banshee|1
Drove of Elves|1
Keen Duelist|1
Merciless Eviction|1
Witch of the Moors|1
Eccentric Farmer|1
Calming Verse|1
Witherscale Wurm|1
Contortionist Troupe|1
Drop of Honey|1
Jerren, Corrupted Bishop|1
Ob Nixilis, the Hate-Twisted|1
Howling Gale|1
Myriad Construct|1
Sunder Shaman|1
Coralhelm Guide|1
Portent Tracker|1
Contraband Kingpin|1
Shinen of Life's Roar|1
Veilstone Amulet|1
A-Alrund's Epiphany|1
Roalesk, Apex Hybrid|1
Become Brutes|1
Mana Geyser|1
Hedron-Field Purists|1
Mold Adder|1
Obeka, Splitter of Seconds|1
Kami of Transience|1
Case of the Locked Hothouse|1
Diabolic Revelation|1
Primevals' Glorious Rebirth|1
Roil Elemental|1
Sidequest: Play Blitzball|1
Yavimaya Hollow|1
Knight of Doves|1
Sanguine Evangelist|1
Invasion of Fiora|1
Bad Deal|1
Pulmonic Sliver|1
You Come to the Gnoll Camp|1
Geistflame|1
King Narfi's Betrayal|1
Pyrewood Gearhulk|1
Terisian Mindbreaker|1
Callaphe, Beloved of the Sea|1
Martial Impetus|1
A-Fates' Reversal|1
Kami's Flare|1
Fertile Thicket|1
Enthusiastic Mechanaut|1
Shatter the Oath|1
Skull Prophet|1
Corrupted Conscience|1
Rotting Fensnake|1
Invoke the Winds|1
Reap the Past|1
Phyrexian Reclamation|1
Recoil|1
Rag Dealer|1
Excalibur, Sword of Eden|1
Krovod Haunch|1
Shadow Stinger|1
Chance Encounter|1
Dismiss|1
Leadership Vacuum|1
Savage Twister|1
Sage's Reverie|1
Kolaghan Forerunners|1
Defensive Stance|1
Apocalypse Demon|1
Supply Drop|1
Parallax Wave|1
Prowling Felidar|1
Windbrisk Raptor|1
Rhonas's Monument|1
Winter, Misanthropic Guide|1
Teneb, the Harvester|1
Startling Development|1
Vesuvan Shapeshifter|1
Razor Barrier|1
Consuming Aetherborn|1
Desecrex, Gift of Servitude|1
Akki Blizzard-Herder|1
Loyal Apprentice|1
Dredging Claw|1
Said // Done|1
Pierce Strider|1
Furnace Host Charger|1
Thoughtweft Gambit|1
Sméagol, Helpful Guide|1
Betrayal|1
Mockery of Nature|1
All-Out Assault|1
Ray of Dissolution|1
Torch Slinger|1
Bulwark Giant|1
Mystic Remora|1
Wound Reflection|1
Synod Artificer|1
Inga and Esika|1
Call a Surprise Witness|1
Genesis|1
Auramancer|1
Web-Shooters|1
Planeswalker's Fury|1
Thopter Mechanic|1
Skull of Orm|1
Pumpkin Bombs|1
Reflective Golem|1
Mending Touch|1
Lodestone Needle|1
The Autonomous Furnace|1
Stensia Masquerade|1
Nihilistic Glee|1
Cunning Rhetoric|1
Clan Defiance|1
Keeper of the Accord|1
Ant Queen|1
Beacon of Tomorrows|1
Graf Mole|1
Overrule|1
Eyeblight Massacre|1
Order of the Mirror|1
Tolaria|1
Meticulous Excavation|1
Purity|1
Dragonbroods' Relic|1
Dream Fracture|1
Vona, Butcher of Magan|1
Hungry Spriggan|1
Strength of the Tajuru|1
Fire of Orthanc|1
Dire Fleet Captain|1
Hydra's Growth|1
Bog Down|1
Galadriel of Lothlorien|1
Circle of Elders|1
Leapfrog|1
Dogpile|1
Celestial Crusader|1
Breakthrough|1
Riddlemaster Sphinx|1
Stockpiling Celebrant|1
Avid Reclaimer|1
Shell Shield|1
Relentless Pursuit|1
Corpse Dance|1
Goblin Tunneler|1
Failed Conversion|1
Ravager Wurm|1
Furystoke Giant|1
Wildwood Escort|1
Zephyr Singer|1
Galvanic Alchemist|1
Timber Gorge|1
Ob Nixilis, Unshackled|1
Woodborn Behemoth|1
Brazen Scourge|1
Boneyard Scourge|1
Kalamax, the Stormsire|1
Rivaz of the Claw|1
Hollowhenge Scavenger|1
Visara the Dreadful|1
A-Cauldron Familiar|1
Turret Ogre|1
Havengul Runebinder|1
Karador, Ghost Chieftain|1
Suncrusher|1
Mask of Griselbrand|1
Railway Brawler|1
Fountain of Ichor|1
Scale Blessing|1
Emergent Sequence|1
Sanctum of Shattered Heights|1
Steelfin Whale|1
Divine Smite|1
Inexorable Tide|1
Felisa, Fang of Silverquill|1
Crook of Condemnation|1
Faerie Duelist|1
Mutagen Connoisseur|1
Rakish Scoundrel|1
Gaze of Adamaro|1
Forgotten Creation|1
Acidic Soil|1
Slith Firewalker|1
Harvesttide Infiltrator|1
Tanazir Quandrix|1
Chaos Warp|1
Aura Fracture|1
The Goose Mother|1
Soulbound Guardians|1
Tangled Islet|1
Foul Orchard|1
Leonin Squire|1
Noble Templar|1
Reality Scramble|1
Serra Avatar|1
Acidic Sliver|1
Gold Myr|1
Shu Yun, the Silent Tempest|1
Mind Spike|1
Inga Rune-Eyes|1
Greed's Gambit|1
Phyrexian Scriptures|1
Thrashing Mossdog|1
Ovika, Enigma Goliath|1
Frostbridge Guard|1
Salvation Swan|1
Blight Keeper|1
Curse of Leeches|1
Giantbaiting|1
Archpriest of Shadows|1
Uncage the Menagerie|1
Foil|1
Legion's Judgment|1
Lust for War|1
Toxin Analysis|1
Sarulf's Packmate|1
Strangling Soot|1
Ambush Commander|1
Daring Saboteur|1
Eidolon of Philosophy|1
Font of Fortunes|1
Invert // Invent|1
Defiant Greatmaw|1
Heartseeker|1
Memory Vessel|1
Revoke Privileges|1
Bladebrand|1
Krosan Tusker|1
Liliana's Elite|1
Aether Gale|1
Arrester's Zeal|1
Honden of Life's Web|1
Evasive Action|1
Opal-Eye, Konda's Yojimbo|1
Uncle Istvan|1
Clawing Torment|1
Archivist of Oghma|1
Siege Wurm|1
Rot-Tide Gargantua|1
Order of Whiteclay|1
Humbling Elder|1
Gold Rush|1
Blitz Automaton|1
Chameleon Blur|1
Lim-Dûl's Vault|1
Blast of Genius|1
Magmatic Galleon|1
Deity of Scars|1
Burn Bright|1
Outrider of Jhess|1
Oildeep Gearhulk|1
Basri's Lieutenant|1
Glimpse the Core|1
Skywatcher Adept|1
Herald of Secret Streams|1
Olivia's Attendants|1
Magmaw|1
Champion's Drake|1
Grave-Shell Scarab|1
Balduvian Barbarians|1
Fires of Victory|1
Mistway Spy|1
Vraska, the Silencer|1
Thief of Hope|1
Double Down|1
Combine Guildmage|1
Enclave Cryptologist|1
Burly Breaker|1
Carrion|1
Michiko Konda, Truth Seeker|1
Omen of the Hunt|1
Prodigal Sorcerer|1
Revel in Riches|1
Risen Executioner|1
Spinning Darkness|1
Simic Ascendancy|1
Prognostic Sphinx|1
Dockside Chef|1
Hellraiser Goblin|1
Feudkiller's Verdict|1
Raugrin Crystal|1
Puncture Bolt|1
Flare of Faith|1
Spiteflame Witch|1
The Belligerent|1
Rootless Yew|1
Hungering Hydra|1
Eland Umbra|1
Sway of the Stars|1
Torment of Scarabs|1
Dragon Hatchling|1
Ruthless Deathfang|1
Court of Ambition|1
Arcane Melee|1
Cloudcrown Oak|1
Demotion|1
Keymaster Rogue|1
Snarling Warg|1
Dread Defiler|1
Skulduggery|1
Rage Nimbus|1
Instill Infection|1
Flood of Tears|1
Defiant Bloodlord|1
Barrage Tyrant|1
Infernal Tribute|1
Dirge Bat|1
Choking Tethers|1
Changeling Berserker|1
Hoarding Recluse|1
Electric Revelation|1
Vilespawn Spider|1
Aggressive Mammoth|1
Niblis of Frost|1
Nahiri's Sacrifice|1
Fireshrieker|1
Inaction Injunction|1
Gladiolus Amicitia|1
Kithkin Rabble|1
Fain, the Broker|1
Fireblade Artist|1
Implement of Ferocity|1
Sorcerer Class|1
Reckless Scholar|1
Breena, the Demagogue|1
Deranged Hermit|1
Scalding Cauldron|1
Rakdos, Patron of Chaos|1
Rampaging Rendhorn|1
Battle of Frost and Fire|1
Wakeroot Elemental|1
Sinking Feeling|1
Quintorius, Field Historian|1
Urza Assembles the Titans|1
One Ring to Rule Them All|1
Eternity Vessel|1
Devoted Paladin|1
Bloodhunter Bat|1
Blazing Crescendo|1
Brass's Bounty|1
Cut Propulsion|1
Nezumi Freewheeler|1
Tolarian Winds|1
Purphoros's Emissary|1
Mystery Key|1
Run Away Together|1
Tyrant of Kher Ridges|1
Bladed Sentinel|1
Gravelgill Axeshark|1
Chupacabra Echo|1
Sakashima's Student|1
Gideon's Phalanx|1
Synthetic Destiny|1
Furnace of Rath|1
Sepulcher Ghoul|1
Daretti, Rocketeer Engineer|1
Gravitic Punch|1
Fatespinner|1
Battle-Rattle Shaman|1
Etchings of the Chosen|1
Spelltwine|1
Pillar of Light|1
Scour the Desert|1
Dimir Machinations|1
Peerless Samurai|1
Scapegoat|1
Fangren Firstborn|1
Mind Carver|1
Daggerback Basilisk|1
Suplex|1
Crushing Disappointment|1
Dreg Recycler|1
Return of the Wildspeaker|1
Voracious Fell Beast|1
Mirror of the Forebears|1
Entish Restoration|1
Winds of Rath|1
Ravenous Giant|1
Merfolk Looter|1
Rosecot Knight|1
Vigean Graftmage|1
Invasion of Lorwyn|1
Slayer of the Wicked|1
Umara Mystic|1
Dreamdew Entrancer|1
See the Unwritten|1
Spider-Man, Brooklyn Visionary|1
Air Marshal|1
Scaled Nurturer|1
Tomakul Scrapsmith|1
Salvage Scout|1
Toil to Renown|1
Fuel for the Cause|1
Grow Extra Arms|1
Dragon-Style Twins|1
Collective Nightmare|1
Deep Freeze|1
Urza, Prince of Kroog|1
Owlbear|1
Banner of Kinship|1
Vibrant Cityscape|1
Uglúk of the White Hand|1
Divine Favor|1
Bounty of the Luxa|1
Forlorn Flats|1
Acorn Harvest|1
Pirate's Pillage|1
Orb of Dreams|1
Flash|1
Spell Syphon|1
Resistance Squad|1
Shisato, Whispering Hunter|1
Opposition Agent|1
Gravebind|1
Cinder Pyromancer|1
Hylda's Crown of Winter|1
Scattered Thoughts|1
Sultai Soothsayer|1
Patron of the Nezumi|1
Vengeful Reaper|1
Magnetic Mountain|1
Blood Rites|1
Phyrexian Walker|1
Honden of Infinite Rage|1
Case of the Shattered Pact|1
Kruin Outlaw|1
Search Party Captain|1
Nahiri's Binding|1
Savior of the Sleeping|1
Angel of Condemnation|1
Gorgon's Head|1
Chains of Mephistopheles|1
Hunter's Mark|1
Blood Beckoning|1
Mausoleum Turnkey|1
Battlewise Valor|1
Hidden Cataract|1
Valakut Invoker|1
Atarka Monument|1
Touch of the Eternal|1
Hulking Metamorph|1
Rending Flame|1
Viridian Harvest|1
Ballista Charger|1
Biomass Mutation|1
Rime Tender|1
Merrow Bonegnawer|1
Angel of Flight Alabaster|1
Academy Loremaster|1
Hall Monitor|1
Aligned Hedron Network|1
Extinguish All Hope|1
Shimian Specter|1
Hazardous Blast|1
Ephara's Warden|1
Valor Singer|1
Breeding Pit|1
Farm // Market|1
Marketwatch Phantom|1
Horned Helm|1
Superior Foes of Spider-Man|1
Hickory Woodlot|1
Tajic, Blade of the Legion|1
Fully Grown|1
Temporal Cleansing|1
Gnarlid Pack|1
Discover the Formula|1
The Dominion Bracelet|1
Bretagard Stronghold|1
Reknit|1
Roots of Wisdom|1
Ral's Staticaster|1
Polis Crusher|1
A-Haywire Mite|1
Goblin Kaboomist|1
Liliana's Standard Bearer|1
Dross Scorpion|1
Viral Drake|1
Josu Vess, Lich Knight|1
Pillarfield Ox|1
Vexing Gull|1
Bloodforged Battle-Axe|1
Grindclock|1
Volrath's Stronghold|1
Emperor Mihail II|1
Vannifar, Evolved Enigma|1
Living Lectern|1
Myr Mindservant|1
Marang River Prowler|1
Edgewall Pack|1
Lagac Lizard|1
Tekuthal, Inquiry Dominus|1
Exile|1
Gnawing Crescendo|1
Ascended Lawmage|1
Magus of the Mirror|1
Dune Mover|1
Wing It|1
Conceited Witch|1
Shriekwood Devourer|1
Soul of New Phyrexia|1
Vigor Mortis|1
Candlelit Cavalry|1
Goblin Brawler|1
Rites of Spring|1
Waterfront Bouncer|1
Sentinel of the Eternal Watch|1
Perpetual Timepiece|1
Ethersworn Adjudicator|1
Anowon, the Ruin Thief|1
Spider-Suit|1
Subira, Tulzidi Caravanner|1
Genju of the Fields|1
Wrath of Sod|1
Gallows at Willow Hill|1
Chandra's Outrage|1
Orzhov Advokist|1
Witch-king, Bringer of Ruin|1
Gods' Eye, Gate to the Reikai|1
Bottomless Pool|1
Soul-Shackled Zombie|1
Oath of the Ancient Wood|1
Wall of Frost|1
Misleading Motes|1
Petrahydrox|1
Stitch in Time|1
Altar of the Lost|1
Sage of Hours|1
Minecart Daredevil|1
Budoka Gardener|1
Spider Food|1
Yargle, Glutton of Urborg|1
Shower of Arrows|1
Valakut Fireboar|1
Creeping Renaissance|1
Altar of the Goyf|1
Blade of Shared Souls|1
Deranged Assistant|1
Unexpected Request|1
Prophet of the Peak|1
Endling|1
Desolation Angel|1
Hangar Scrounger|1
Reprisal|1
Restless Bloodseeker|1
Urza, Chief Artificer|1
Blistering Barrier|1
Forked Lightning|1
Draugr Necromancer|1
Skyhunter Skirmisher|1
Displacer Kitten|1
Attrition|1
A-Sepulcher Ghoul|1
Reason|1
Chandra's Ignition|1
Tower of Fortunes|1
The Raven's Warning|1
The Water Crystal|1
River Herald Scout|1
Inspiring Bard|1
Surrakar Spellblade|1
Lord of the Void|1
Act of Heroism|1
Wurm's Tooth|1
Torrent of Souls|1
Eat to Extinction|1
Debtors' Transport|1
Face of Divinity|1
Crosstown Courier|1
Renata, Called to the Hunt|1
Feed the Infection|1
Blot Out the Sky|1
Aerial Boost|1
Angelheart Protector|1
Light of the Legion|1
Sword of Vengeance|1
Smite the Deathless|1
Arni Metalbrow|1
Mold Shambler|1
Spitfire Lagac|1
Braided Net|1
Novice Occultist|1
Enter the Unknown|1
Plunge into Winter|1
Occult Epiphany|1
Temur Banner|1
Serah Farron|1
Etched Host Doombringer|1
Rakdos, the Muscle|1
Elder Pine of Jukai|1
Hewed Stone Retainers|1
Courier Bat|1
Expel the Interlopers|1
Tenured Oilcaster|1
Mauhúr, Uruk-hai Captain|1
Darksteel Juggernaut|1
Kianne, Dean of Substance|1
Forbidden Lore|1
Dermotaxi|1
Tempting Contract|1
Glorious Gale|1
Trapfinder's Trick|1
Pursuit of Flight|1
Somnomancer|1
Bone Harvest|1
Dreamdrinker Vampire|1
Glassworks // Shattered Yard|1
Scaled Herbalist|1
Cavern Whisperer|1
Swirling Sandstorm|1
Ride Down|1
Kodama's Might|1
Wildwood Scourge|1
Thornwatch Scarecrow|1
Skycloud Expanse|1
Ancestral Mask|1
Vow of Duty|1
Seedguide Ash|1
Illusionist's Bracers|1
Infected Defector|1
Synod Sanctum|1
Abandon Hope|1
Starstorm|1
Slith Predator|1
Scuttling Sliver|1
Nyx Weaver|1
Elite Cat Warrior|1
Lorehold Command|1
Grizzled Outrider|1
Ioreth of the Healing House|1
Aven Cloudchaser|1
Shire Scarecrow|1
Hoofprints of the Stag|1
Tawnos, the Toymaker|1
Jeskai Monument|1
Cathartic Adept|1
Elrond, Master of Healing|1
Mark of Eviction|1
Valor's Flagship|1
A Killer Among Us|1
Gloom Surgeon|1
Rowan's Grim Search|1
Nessian Hornbeetle|1
Trailblazer's Boots|1
Merfolk Wayfinder|1
Junji, the Midnight Sky|1
Eiganjo Uprising|1
Thopter Arrest|1
Complicate|1
Mirrodin Avenged|1
Arcbound Stinger|1
Borborygmos and Fblthp|1
Dog Umbra|1
Mantle of Tides|1
Kami of the Hunt|1
Clive, Ifrit's Dominant|1
Deadly Plot|1
Thran Portal|1
Hermit of the Natterknolls|1
Dire Fleet Ravager|1
Court of Ardenvale|1
Ashiok, Wicked Manipulator|1
Subterranean Schooner|1
Garenbrig Carver|1
Glacial Dragonhunt|1
Hell to Pay|1
Welkin Tern|1
Blood Servitor|1
Abyssal Gatekeeper|1
Random Encounter|1
Horizon Chimera|1
Evolving Adaptive|1
Child of the Volcano|1
Naga Fleshcrafter|1
Aragorn, Company Leader|1
Spider-Man India|1
Basri's Acolyte|1
Repay in Kind|1
Revolutionary Rebuff|1
Fusion Elemental|1
Quasiduplicate|1
Psychic Possession|1
Hall of Triumph|1
Almighty Brushwagg|1
Silverflame Ritual|1
Assimilate Essence|1
Cunning Lethemancer|1
Lampad of Death's Vigil|1
Duneblast|1
Liesa, Shroud of Dusk|1
Mnemonic Betrayal|1
Seekers' Squire|1
Temur Tawnyback|1
Stormrider Rig|1
Huatli, Dinosaur Knight|1
Footbottom Feast|1
Festerhide Boar|1
Herald of Eternal Dawn|1
Mass Production|1
Seasoned Consultant|1
March of the World Ooze|1
Stormtide Leviathan|1
Memory Plunder|1
Sizzling Barrage|1
Indomitable Archangel|1
Slimy Dualleech|1
Splitting Headache|1
Fires of Mount Doom|1
Outmuscle|1
Threaten|1
Immersturm Skullcairn|1
Endless Obedience|1
Memory Jar|1
Grimdancer|1
Introduction to Prophecy|1
Tajuru Blightblade|1
Fleetfeather Sandals|1
Agadeem Occultist|1
Trusted Forcemage|1
Siege Zombie|1
Merfolk Observer|1
Sanctum of All|1
Undermountain Adventurer|1
Costume Closet|1
The Shattered States Era|1
Foreboding Fruit|1
Void Shatter|1
Dictate of Erebos|1
Wildheart Invoker|1
Etched Slith|1
Staff of the Flame Magus|1
Fire Servant|1
Sanctum of Calm Waters|1
Cover of Darkness|1
Asinine Antics|1
Ogre-Head Helm|1
Terramorph|1
Fervent Mastery|1
Skyfire Phoenix|1
One With the Wind|1
Phyrexian Ironworks|1
Fallowsage|1
Twists and Turns|1
Great Hall of Starnheim|1
Faithbound Judge|1
Senate Guildmage|1
Soulsworn Spirit|1
Rapacious One|1
Boros Guildmage|1
Honden of Night's Reach|1
Spread the Sickness|1
Runaway Growth|1
Liliana's Indignation|1
Goblin Banneret|1
Gideon, Champion of Justice|1
Strixhaven Stadium|1
Citanul Flute|1
Runes of the Deus|1
Voiceless Spirit|1
Rendclaw Trow|1
Parapet Watchers|1
Thraximundar|1
Heat Ray|1
Simic Manipulator|1
Drooling Groodion|1
Cursed Scroll|1
Jhoira, Weatherlight Captain|1
Prismari Campus|1
Fiery Fall|1
Bountiful Harvest|1
Kheru Goldkeeper|1
Greater Mossdog|1
Wild Wasteland|1
Augmenter Pugilist|1
Nausea|1
Irregular Cohort|1
Irencrag Pyromancer|1
Tivit, Seller of Secrets|1
Breya, Etherium Shaper|1
Viral Spawning|1
Twisted Reflection|1
Soul Foundry|1
Lena, Selfless Champion|1
Archipelagore|1
Viashino Firstblade|1
Wanderbrine Rootcutters|1
Festival Crasher|1
Mirari|1
Silent-Blade Oni|1
Genku, Future Shaper|1
Psychic Pickpocket|1
Paladin of Predation|1
Kinsbaile Skirmisher|1
Smolder Initiate|1
The Watcher in the Water|1
Clan Guildmage|1
Gnarlback Rhino|1
Convenient Target|1
Tuktuk Rubblefort|1
Venerable Kumo|1
Doppelgang|1
Honden of Cleansing Fire|1
Nightshade Stinger|1
Aid the Fallen|1
Battering Sliver|1
Ambush Viper|1
Hellkite Charger|1
Windfall|1
Golem Artisan|1
Fight to the Death|1
Crater Elemental|1
Sword of Dungeons & Dragons|1
Sarkhan's Triumph|1
Raving Visionary|1
Nils, Discipline Enforcer|1
Mephitic Vapors|1
Together Forever|1
Falkenrath Marauders|1
Cemetery Desecrator|1
Curious Cadaver|1
Psychic Whorl|1
Satyr's Cunning|1
Vilis, Broker of Blood|1
Biovisionary|1
Broodmate Dragon|1
Refresh|1
Sigil Captain|1
Alpine Grizzly|1
Melira's Keepers|1
Mister Negative|1
The Bloodsky Massacre|1
Sliversmith|1
Diregraf Horde|1
Greater Tanuki|1
Queen Marchesa|1
Auriok Salvagers|1
Tel-Jilad Fallen|1
Vivien's Grizzly|1
Vexing Arcanix|1
Absolute Virtue|1
Disruptor Wanderglyph|1
Staff of Eden, Vault's Key|1
Alive // Well|1
Raiders' Wake|1
Valkyrie Aerial Unit|1
Wojek Investigator|1
Great Desert Prospector|1
Deranged Whelp|1
Offering to Asha|1
Familiar Ground|1
Clever Conjurer|1
Tatterkite|1
Unnatural Growth|1
Lorehold Excavation|1
Contaminated Bond|1
Nightmare|1
Invasion of Pyrulea|1
Dreamstalker Manticore|1
Jace, Ingenious Mind-Mage|1
Anti-Venom, Horrifying Healer|1
Sunlit Marsh|1
Kamahl, Fist of Krosa|1
Retrieval Agent|1
Pestilence|1
Ancient Silverback|1
Nephalia Smuggler|1
Psychotic Fury|1
Nyxbloom Ancient|1
Time of Heroes|1
Web-Warriors|1
Staggering Size|1
Hope Estheim|1
Drooling Ogre|1
Black Sun's Twilight|1
Prime Speaker Zegana|1
Resolute Blademaster|1
Unyielding Gatekeeper|1
Summoner's Grimoire|1
Carnivorous Moss-Beast|1
Volatile Claws|1
Darkwater Catacombs|1
Stone-Seeder Hierophant|1
Gobhobbler Rats|1
Benalish Sleeper|1
Rabid Gnaw|1
Cradle to Grave|1
Aunt May|1
Invasion of Eldraine|1
Heap Gate|1
Binding Negotiation|1
Sangromancer|1
Sigardian Savior|1
Huatli, Warrior Poet|1
Spider-Girl, Legacy Hero|1
Stocking the Pantry|1
Arvad the Cursed|1
Illuminate History|1
Chandra's Pyrohelix|1
Shivan Oasis|1
Demon's Horn|1
Skittering Surveyor|1
Unfathomable Truths|1
Sanctum Guardian|1
Pearl of Wisdom|1
Aether Figment|1
Undergrowth Recon|1
Red Sun's Twilight|1
Ral's Reinforcements|1
Ajani, Valiant Protector|1
Drownyard Lurker|1
Ravenous Gigamole|1
Whisper, Blood Liturgist|1
Beamtown Beatstick|1
Dauntless Survivor|1
Weigh Down|1
Coercion|1
Gnottvold Hermit|1
Palliation Accord|1
Nessian Asp|1
Raging Redcap|1
Iridescent Hornbeetle|1
Treacherous Greed|1
Filigree Attendant|1
Haze Frog|1
Aeronaut Cavalry|1
Expanding Ooze|1
Backdraft|1
Brilliant Restoration|1
Harnesser of Storms|1
Scroll Rack|1
Storm Fleet Pyromancer|1
Phyrexian Gargantua|1
Buried Treasure|1
Zhao, the Moon Slayer|1
Planewide Celebration|1
Ziatora, the Incinerator|1
The Cauldron of Eternity|1
Rukh Egg|1
Hammerheim Deadeye|1
Silhana Starfletcher|1
Phytohydra|1
Gitaxian Anatomist|1
Rhystic Study|1
Soilshaper|1
Pyretic Prankster|1
Relentless Raptor|1
Circle of Confinement|1
Elvish Fury|1
Glinting Creeper|1
Gravepurge|1
Jump Scare|1
Inkshield|1
Scavenging Scarab|1
Plasma Jockey|1
Traitorous Greed|1
Hero's Heirloom|1
Victory Chimes|1
Nyxborn Hydra|1
Kaho, Minamo Historian|1
Phyrexian Marauder|1
Dueling Rapier|1
Verdant Haven|1
Blessed Breath|1
Locthwain Gargoyle|1
Fizik, Etherium Mechanic|1
Pentarch Paladin|1
Trickster's Elk|1
Zack Fair|1
